,AZD-8055,Dactolisib,Dasatinib,MK-2206,Nintedanib,Mirdametinib,Pictilisib,Refametinib,Selumetinib,Staurosporine,Tideglusib
BCR,1.0,1.95375715626812,1.0,1.0,1.0,1.0,1.0,1.0,1.0,1.0,1.0
TNKS1BP1,1.0,1.72479428501512,2.36922996626359,1.0,1.0,1.0,1.0,1.0,2.27599401195958,1.72272633040766,1.0
"HSP90AB1, HSP90AB3P",1.0,1.0,1.0,1.0,1.0,1.0,1.0,1.0,1.0,2.02907543772996,1.0
PLEKHA6,1.0,1.0,1.0,1.0,1.0,1.0,1.0,1.0,1.0,2.1327629758521,1.0
UBN1,1.0,1.0,1.0,1.0,1.0,1.0,1.0,1.0,1.0,1.90221587023271,1.0
CDC42EP4,1.0,2.1650717622473468,1.0,2.100927222,1.0,1.0,1.0,1.0,1.0,2.583579207830553,1.0
SLC12A2,1.0,1.71417343424019,1.0,1.0,1.0,1.0,1.0,1.0,1.0,1.0,1.0
TMEM245,1.0,1.0,1.93149849965202,1.0,1.0,1.0,1.0,1.0,1.0,1.0,1.0
RBMXL1,1.0,1.0,2.62189835224883,1.0,1.0,1.0,1.0,1.0,1.0,1.0,1.0
LAD1,1.0,1.0,2.841035146290684,1.0,1.0,1.0,1.0,1.0,1.0,1.0,1.0
DENND1A,1.0,1.0,1.0,1.0,1.94523149265437,1.0,1.0,1.0,1.0,2.17528378941234,1.0
PUM2,1.0,1.0,1.0,1.0,1.0,1.0,1.0,1.0,1.0,1.74562347822753,1.0
RBM7,1.0,1.0,1.0,1.0,1.0,1.0,1.0,1.0,1.0,1.80442872096596,1.0
RDBP,1.0,2.26487404369205,3.36486550760481,1.0,1.0,1.0,1.0,1.0,1.0,1.0,1.0
BUD13,1.0,1.0,1.0,1.0,1.0,1.0,1.0,1.0,1.0,2.2962985135988347,1.0
BAZ2A,1.0,1.0,2.02842980430663,1.0,1.0,1.0,1.0,1.0,1.0,1.0,1.0
UTP14A,1.0,1.0,1.0,1.0,1.0,1.0,1.0,1.0,1.0,2.2353905258288,1.0
C15orf52,1.0,1.0,1.0,1.0,1.0,1.0,1.0,1.0,1.0,2.07471436090829,1.0
PRKD1,1.0,3.84750403809542,1.0,1.0,1.0,1.0,1.0,1.96014799543627,1.0,1.0,1.0
IQGAP2,1.0,1.0,1.0,2.00892997149589,1.0,1.0,1.0,1.0,1.0,1.0,1.0
NCL,1.0,1.0,1.724486285138715,1.0,1.0,1.0,1.0,1.0,1.0,2.00454103922739,1.0
ARHGEF2,1.0,2.136175302878585,1.0,1.0,1.0,1.0,1.0,1.0,1.0,1.0,1.0
PEAK1,1.0,1.0,1.72105180871619,1.0,1.0,1.0,1.0,1.0,1.0,1.0,1.0
SNIP1,1.0,1.0,1.0,1.0,1.0,1.0,1.0,1.0,1.0,4.24895569412371,1.0
PKP3,1.0,3.46902612560823,1.0,1.0,1.0,1.0,1.0,1.98447912895766,1.0,1.74843865313574,1.0
PCBP2,1.0,1.0,1.0,2.418121892,1.0,1.0,1.0,1.0,1.0,1.93285412131876,1.0
MCM2,1.0,1.0,1.0,1.0,1.0,1.0,1.0,1.0,1.0,1.87013802727603,1.0
"CAMKK1, CAMKK2",1.0,1.95553818105116,1.0,1.0,1.0,1.0,1.0,1.0,1.0,1.0,1.0
DGCR8,1.0,1.0,2.00678592272764,1.0,1.0,1.0,1.0,1.0,1.0,1.0,1.0
OSTF1,1.0,1.0,3.0575066435377565,1.0,1.0,1.0,1.0,1.0,1.0,1.0,1.0
EPB41,1.0,1.0,2.8457467560667498,1.0,1.0,1.0,1.0,1.0,1.0,1.0,1.0
DUSP9,1.0,1.0,2.6598483704146,1.0,1.0,1.0,1.0,1.0,1.0,1.0,1.0
AFTPH,1.0,2.05623920872201,1.0,1.0,1.0,1.0,1.0,1.0,1.0,1.0,1.0
CARHSP1,1.0,1.0,1.0,1.0,1.0,1.0,1.0,1.0,1.0,2.330192569625538,1.0
SLC2A1,1.0,2.7156731154232,1.0,1.0,1.7000810381709,1.0,1.0,1.0,1.0,1.0,1.0
CTR9,1.0,1.0,1.0,1.0,1.0,1.0,1.0,1.0,1.0,2.38811959993606,1.0
CFL1,1.0,1.66079321137352,1.0,1.0,1.0,1.0,1.0,1.0,1.0,1.0,1.0
OTUD7B,1.0,1.0,1.0,2.055901839,1.0,1.0,1.0,1.0,1.0,1.0,1.0
RAI1,1.0,1.0,1.0,1.0,1.0,1.0,1.0,1.0,1.0,1.81665224035833,1.0
THOC2,1.0,1.0,3.04791818920901,1.0,1.0,1.0,1.0,1.0,1.0,1.87471809819005,1.0
CD3EAP,1.0,1.0,1.80852659260444,1.0,1.0,1.0,1.0,1.0,1.0,1.0,1.0
BAIAP2L1,1.0,1.0,1.0,1.0,1.73358726945931,1.0,1.0,1.0,1.0,4.497850248058295,1.0
WNK1,1.0,1.0,1.0,1.0,1.0,1.0,1.0,1.0,1.0,2.788550497775424,1.0
SON,1.0,1.0,2.09489591820646,1.0,1.0,1.0,1.0,1.0,1.0,2.7993507243601625,1.0
ANLN,1.0,2.53406808934777,1.0,1.0,1.0,1.0,1.0,1.0,1.0,1.0,1.0
SSRP1,1.0,1.0,1.8167579236457,1.0,1.0,1.0,1.0,1.0,1.0,1.0,1.0
C16orf88,1.0,1.0,2.61971918568249,1.0,1.0,1.0,1.0,1.0,1.0,1.0,1.0
RPL29,1.0,1.0,2.04125948954143,1.0,1.0,1.0,1.0,1.0,1.0,1.0,1.0
KIAA1191,1.0,1.0,1.0,1.0,1.0,1.0,1.0,1.0,1.0,1.92771470300841,1.0
FOXK2,1.0,1.0,1.0,1.0,1.0,1.0,1.0,1.0,1.0,3.94905484697644,1.0
ADD3,1.0,1.0,1.0,1.0,1.0,1.0,1.0,1.0,1.0,2.10281396306112,1.0
ZNF638,1.0,1.0,3.02653772246433,1.0,1.0,1.0,1.0,1.0,1.0,2.72167869389528,1.0
HSP90AB1,1.0,1.0,1.0,1.0,1.0,1.0,1.0,1.0,1.0,1.86382406164603,1.0
PARVA,1.0,1.0,1.0,1.0,1.0,1.0,1.0,1.0,1.0,1.74260195474708,1.0
RPL37A,1.0,1.0,5.73063500789039,1.0,1.0,2.16073972411298,1.0,1.0,1.0,1.0,1.0
"EXOC1, RAB11FIP2",1.0,1.0,1.81835039508038,1.0,1.0,1.0,1.0,1.0,1.0,1.0,1.0
INCENP,1.0,1.0,1.84288809874914,1.0,1.0,1.0,1.0,1.0,1.0,1.0,1.0
PATL1,1.77734803669812,1.0,2.00852379764688,2.50945574084788,1.0,1.0,1.78041990345621,1.0,2.50945574084788,1.95560238904463,1.0
FKBP15,1.0,1.0,2.1918409109331,1.0,1.0,1.0,1.0,1.0,1.0,1.0,1.0
NGEF,1.0,1.77202021168415,1.0,1.0,1.67098760486076,1.0,1.0,1.0,1.0,1.0,1.0
RICTOR,1.0,1.0,2.34816259491515,1.0,1.0,1.0,1.0,1.0,1.0,1.0,1.0
MOB3C,1.0,1.0,2.212794502697763,1.0,1.0,1.0,1.0,1.0,1.0,1.0,1.0
F11R,1.0,2.14717665583686,1.0,1.0,1.0,1.0,1.0,1.0,1.0,1.0,1.0
IRS1,1.0,1.0,1.0,2.428908950525075,1.0,1.0,1.0,1.0,2.428908950525075,1.93769593653026,1.0
HSP90AA1,1.0,1.0,1.0,1.0,1.0,1.0,1.0,1.0,1.0,1.7737244221661532,1.0
ACOX1,1.0,1.0,1.0,1.0,1.0,1.0,1.0,1.0,1.0,1.8550429525258,1.0
CKAP4,1.0,1.0,1.78173029495338,1.0,1.0,1.0,1.0,1.0,1.0,1.0,1.0
IMPDH2,1.0,1.0,1.0,1.0,1.0,2.21203518957886,1.0,1.0,1.0,1.0,1.0
C14orf43,1.0,1.0,2.27316352552514,1.0,1.0,1.0,1.0,1.0,1.0,1.0,1.0
RIN2,1.0,1.81218145496192,1.0,1.0,1.0,1.0,1.0,1.0,1.0,1.0,1.0
DDX51,1.0,1.0,1.0,1.0,1.0,1.0,1.0,1.0,1.0,1.6850022574894,1.0
FXR2,1.0,1.0,1.0,1.0,1.0,1.0,1.0,1.0,1.0,1.84557283667189,1.0
C18orf21,1.0,1.0,1.77106295729696,1.0,1.0,1.0,1.0,1.0,1.0,1.0,1.0
DAB2IP,1.0,1.0,2.62753477106196,1.0,1.0,1.0,1.0,1.0,1.0,2.4449228337927,1.0
MAP1S,1.0,1.0,1.0,1.0,1.78638599035235,1.0,1.0,1.0,1.0,1.0,1.0
HMGN1,1.0,1.900169742359865,1.0,1.0,1.0,1.0,1.0,1.0,1.0,1.72667283990346,1.0
"HCK, LYN",1.0,1.0,1.97625499036926,1.0,1.0,1.0,1.0,1.0,1.0,1.0,1.0
TMPO,1.0,1.0,2.43745405024029,1.0,1.76014503515519,1.0,1.0,1.0,1.0,1.0,1.0
REEP4,1.0,1.0,1.93975963920946,1.0,1.0,1.0,1.0,1.0,1.0,1.0,1.0
CEP85,1.0,1.0,2.31084269615831,1.0,1.0,1.0,1.0,1.0,1.0,1.0,1.0
C19orf21,1.0,2.587705848267404,1.70830966580492,2.01801044,1.0,1.0,1.0,1.0,1.0,1.0,1.0
SRSF6,1.0,1.0,1.0,1.0,1.0,1.0,1.9602606676332,1.0,1.0,2.091589262175837,1.0
PPP1R12A,1.0,1.75119900010711,2.17330594978155,1.761166372785125,1.0,1.0,1.82748956625813,1.0,1.0,2.21012780321191,1.0
RPRD2,1.0,1.85181861033851,1.0,1.0,1.0,1.0,1.0,1.0,1.0,1.89872544308606,1.0
GCFC2,1.0,1.0,1.0,1.0,1.0,1.0,1.0,1.0,1.0,1.86846629468928,1.0
ZNF593,1.0,1.0,1.0,1.0,1.0,1.0,1.0,1.0,1.0,1.73008802223455,1.0
SLBP,1.0,1.0,2.05853985853158,1.0,1.0,1.0,1.0,1.0,1.0,2.34029725847741,1.0
SPEN,1.0,1.0,1.0,1.0,1.0,1.0,1.0,1.0,1.0,3.730078701826215,1.0
LMNA,1.0,1.9275514370897,3.4688376090404702,1.0,1.78059104107688,1.0,1.0,1.76856588025648,1.0,2.645889789695355,1.0
MAGEB1,1.0,1.0,2.73093397125989,1.0,1.0,1.0,1.0,1.0,1.0,1.0,1.0
TACC1,1.0,1.0,1.67460077909856,1.0,1.0,1.0,1.0,1.0,1.0,1.0,1.0
CAST,1.0,1.0,1.0,1.0,1.67087895719855,1.0,1.0,1.0,1.0,2.25554318456594,1.0
RECQL,1.0,1.0,1.0,1.0,1.0,1.0,1.0,1.0,1.0,2.46526653341795,1.0
LRRFIP1,1.0,1.0,2.08252869814698,1.0,1.0,1.0,1.0,1.0,1.0,1.0,1.0
DHX57,1.0,1.0,1.0,1.0,1.0,1.0,1.0,1.0,1.0,1.66253351891334,1.0
INTS3,1.0,1.0,3.5971020704417205,1.0,1.0,1.0,1.0,1.0,1.0,1.0,1.0
ACIN1,1.0,2.14966478111617,1.0,1.0,1.0,1.0,1.0,1.0,1.0,1.919166745757953,1.0
MDC1,1.0,1.0,2.01371415162473,1.0,1.0,1.0,1.0,1.0,1.0,1.0,1.0
ZZEF1,1.0,1.0,1.0,1.0,1.0,1.0,1.0,1.0,1.0,1.72307486975237,1.0
BCLAF1,1.0,1.0,2.2003447255140958,1.0,1.0,1.0,1.71227139428502,1.0,1.0,2.060370211338915,1.0
LSMD1,1.0,1.0,1.0,1.0,1.0,1.0,1.0,2.14119255068205,1.0,5.69277133855886,1.0
ASAP2,1.0,1.0,2.13312194234331,1.0,1.0,1.0,1.0,1.0,1.0,1.0,1.0
RNF216,1.0,1.0,1.0,1.0,1.0,1.0,1.0,1.0,3.18965457986486,1.0,1.0
ARAF,1.0,1.0,1.8485779080158304,1.0,1.0,1.0,1.0,1.0,1.0,1.0,1.0
CDCA7L,1.0,1.0,2.11434370804586,1.0,1.0,1.0,1.0,1.0,1.0,1.0,1.0
TMSB10,1.0,1.0,1.0,1.0,1.0,1.0,1.0,1.0,1.0,2.54873429281893,1.0
LARP4B,1.0,1.0,1.0,1.0,1.0,1.0,1.0,1.0,1.0,2.19379111275292,1.0
DOCK7,1.0,2.18407457480809,1.92287215449196,1.0,1.0,1.0,1.0,1.90217023135242,1.0,1.0,1.0
TP53BP1,1.0,1.0,1.0,1.0,1.0,1.0,1.0,1.0,1.0,2.1744069028511035,1.0
EEF2,1.0,1.0,2.732057938603833,1.0,1.943121126996,1.0,1.0,1.0,1.0,11.095019026941223,1.0
EIF2B5,1.0,1.0,1.0,1.0,1.0,1.0,1.0,1.0,1.0,2.67795053331797,1.0
CHAMP1,1.0,1.0,1.0,3.04189671630444,1.0,1.0,1.0,1.0,3.04189671630444,1.9573920810604464,1.0
TRIM24,1.93176830911329,2.6094256440491,1.0,1.68102249637842,1.0,1.0,1.0,1.0,1.0,1.0,1.0
NAV3,1.0,1.0,1.0,1.0,1.0,1.0,1.0,1.0,1.0,1.89658127127312,1.0
NFATC3,1.0,1.0,1.0,2.141949012,1.0,1.0,1.0,1.0,1.0,1.0,1.0
ADD2,1.0,1.0,1.73574727971595,1.0,1.0,1.0,1.0,1.0,1.0,2.656907186798376,1.0
SLC26A2,1.0,1.82225163674193,1.0,2.15180331643747,1.0,1.0,1.0,2.08516674333949,1.0,2.15028059707129,1.0
"CAMK2B, CAMK2D, CAMK2G",1.0,1.0,2.6971013941133,1.0,1.0,1.0,1.0,1.0,1.0,1.0,1.0
ARHGDIA,1.0,1.0,1.0,1.0,1.0,1.0,1.0,1.0,1.0,4.73409566435989,1.0
WDR62,1.0,1.8572298365047,1.0,2.051868322,1.0,1.0,1.0,1.0,1.0,1.0,1.0
"CTAGE4, CTAGE5, CTAGE6P, CTAGE8",1.0,1.0,1.0,1.0,1.0,1.0,1.0,1.0,1.0,1.67071580206331,1.0
KIAA1462,1.94263444616034,1.0,1.0,1.0,1.0,1.0,1.0,1.0,1.0,1.0,1.0
MBP,1.0,2.004521990894845,1.0,1.0,1.0,1.0,1.0,1.0,1.0,1.90527733092652,1.0
ZNF281,1.0,1.6664023205785,1.0,1.0,1.0,1.0,1.0,1.0,1.0,1.0,1.0
HMGN3,1.0,1.0,1.0,1.0,1.0,1.0,1.0,1.0,1.0,2.49341295003353,1.0
SPECC1L,1.0,1.75323144124558,1.0,2.010978424,1.0,1.0,1.0,1.0,1.0,1.0,1.0
NCAPG,1.0,1.0,1.8429368631062328,1.0,1.0,1.0,1.0,1.0,1.0,1.0,1.0
RPL15,1.0,1.0,2.31411756112879,1.0,1.0,1.0,1.0,1.0,1.0,1.0,1.0
SMCHD1,1.0,1.0,2.21057823031442,1.0,1.0,1.0,1.0,1.0,1.0,1.0,1.0
DCP2,1.0,1.0,2.01743883086435,1.0,1.0,1.0,1.0,1.0,1.0,1.0,1.0
ARHGAP6,1.0,1.0,2.3688691552895,1.0,1.0,1.0,1.0,1.0,1.0,1.0,1.0
RBM25,1.0,1.0,1.0,1.0,1.0,1.0,1.0,1.0,1.0,1.81481076066426,1.0
CREBZF,1.0,1.0,1.0,1.0,1.0,1.0,1.0,1.0,1.0,1.77931541127652,1.0
GAPVD1,1.0,1.8262328417764,1.0,1.0,1.68731504503591,1.0,1.0,1.0,1.0,2.16941527607545,1.0
METTL16,1.0,1.0,1.0,1.0,1.0,1.0,1.0,1.0,1.0,1.70611365790797,1.0
CIT,1.0,1.0,2.27627792145435,1.0,1.0,1.0,1.0,1.0,1.0,1.0,1.0
GLIS3,1.0,1.0,1.0,1.0,1.0,1.0,1.0,1.0,1.0,1.67109741858472,1.0
PKMYT1,1.0,1.0,1.0,1.0,1.0,1.0,1.0,1.0,1.0,2.08067610388469,1.0
ANP32A,1.0,1.89613631898364,1.0,1.0,1.0,1.0,1.0,1.0,1.0,1.0,1.0
"FRMD8, FRMD8P1",1.0,1.0,2.021235709005,1.0,1.0,1.0,1.0,1.0,1.0,1.0,1.0
AKAP1,1.0,1.0,1.0,2.219363429,1.0,1.0,1.0,1.0,1.0,1.0,1.0
ACTR10,1.0,1.9730054612120649,1.0,1.0,1.0,1.0,1.0,1.0,1.0,1.0,1.0
ERC1,1.0,1.0,1.78786469910684,1.0,1.0,1.0,1.0,1.0,1.0,1.8891591301283,1.0
NMD3,1.71124203957181,1.0,1.0,1.0,1.0,1.0,1.0,1.0,1.0,1.91305687197885,1.0
MAP1B,1.0,2.1552352781943,2.37059242349811,1.0,1.0,1.9007525322970704,1.0,1.0,1.0,2.451428293365879,1.0
CLINT1,1.0,1.0,4.05280618614431,1.0,1.0,1.0,1.0,1.0,1.0,1.0,1.0
ATXN2L,1.0,1.0,1.77274245991862,1.0,1.0,1.0,1.0,1.0,1.0,1.76416864746247,1.0
C2orf49,1.0,1.0,2.2412235582896964,1.0,1.0,1.0,1.0,1.0,1.0,1.76561688880275,1.0
UBASH3B,1.0,1.0,1.0,1.0,1.0,1.0,1.0,1.0,1.0,2.10559440501973,1.0
MTOR,1.0,1.0,1.0,1.0,1.0,1.0,1.0,1.0,1.0,1.79696240744993,1.0
EZH2,1.0,1.0,1.0,1.0,1.0,1.0,1.0,1.0,1.0,1.82756236733127,1.0
PAICS,1.0,1.0,1.74907336723331,1.0,1.0,1.0,1.0,1.0,1.0,1.0,1.0
EPB49,1.0,1.0,1.0,1.0,1.0,1.0,1.0,1.0,1.0,1.7451726232178,1.0
OSBPL3,1.790605131775,1.0,2.408187679193884,1.0,1.0,1.0,1.0,1.0,1.0,1.98140432337403,1.0
"MAP4K4, MINK1",1.0,1.0,1.0,1.0,1.0,1.0,1.0,1.0,1.0,1.90577215247534,1.0
PRR12,1.0,1.0,1.0,1.0,1.0,1.0,1.0,1.0,1.0,1.68021580345873,1.0
RAB7A,1.0,1.74131709979083,1.0,1.0,1.0,1.0,1.0,1.0,1.0,1.0,1.0
"GLI2, GLI3",1.0,1.0,1.69643090874222,1.0,1.0,1.0,1.0,1.0,1.0,1.0,1.0
TNFRSF21,1.0,1.0,2.97704355384298,1.0,1.0,1.0,1.0,1.0,1.0,1.0,1.0
ERF,1.0,1.0,1.0,2.07838934,1.0,1.0,1.0,1.0,1.0,1.0,1.0
ARHGEF18,1.0,1.0,1.0,1.0,1.0,1.0,1.0,1.92107194022091,1.0,1.73203063681139,1.0
GYS1,1.0,1.0,1.0,1.0,1.0,1.0,1.0,1.0,1.0,3.60065834977931,1.0
FOSL1,1.0,1.0,2.376741778869655,1.0,1.0,1.0,1.0,1.0,1.0,1.0,1.0
TEX2,1.0,1.0,1.0,1.0,1.72778521163812,1.0,1.0,1.0,1.0,2.32674404193778,1.0
R3HDM1,1.0,1.0,2.72177978383677,1.0,1.0,1.0,1.0,1.0,1.0,1.0,1.0
RBM5,1.0,1.0,1.72259309361012,1.0,1.80350960765216,1.0,1.69611071663961,1.0,1.0,1.9410149943642436,1.0
ATXN1L,1.0,1.0,1.0,1.69929060190806,1.0,1.0,1.0,1.0,1.0,1.86781019341509,1.0
PRRC2B,1.0,1.8254586241703,1.0,1.0,1.0,1.0,1.0,1.0,2.3393535609642,1.0,1.0
NEMF,1.0,1.74520047113763,1.0,1.74022023394423,1.0,1.0,1.0,1.0,1.0,1.0,1.0
KIAA1522,1.0,1.0,1.66892663636883,1.0,1.0,1.0,1.0,1.0,1.0,1.0,1.0
STXBP5,1.0,1.89715995298836,1.0,1.0,1.0,1.0,1.0,1.0,1.0,1.0,1.0
RBBP6,1.0,1.0,1.0,1.0,1.0,1.0,1.0,1.0,1.0,2.82846717691216,1.0
RNF6,1.0,1.0,1.0,1.0,1.0,1.0,1.0,1.0,1.0,1.67593702661708,1.0
USP36,1.0,1.0,2.86470787900456,1.0,1.0,1.0,1.0,1.0,1.0,1.0,1.0
BIN1,1.0,1.0,1.0,1.0,1.0,1.0,1.0,1.0,1.0,1.8061086296929,1.0
RPL21,1.0,1.0,2.5676454082431848,1.0,1.0,1.0,1.0,1.0,1.0,1.0,1.0
CTTN,1.0,1.0,2.8624678941569868,1.0,1.0,1.0,1.0,1.0,1.0,1.8489427209525695,1.0
TAB2,1.0,1.0,1.0,1.0,1.0,1.0,1.0,1.0,1.0,2.201543470976655,1.0
ACAP2,1.0,1.0,1.0,2.05082984996123,1.0,1.0,1.0,1.0,2.05082984996123,1.0,1.0
CENPT,1.0,1.0,1.0,1.0,1.0,1.0,1.0,1.0,1.0,1.84255307020715,1.0
CLASP1,1.0,1.0,1.76817145176926,1.0,1.0,1.0,1.0,1.0,1.0,5.7465367211358,1.0
EIF4EBP1,1.0,1.0,2.13047131013367,1.0,1.0,1.0,1.0,1.0,1.0,2.7755851893361,1.0
CYLD,1.0,1.66371365446043,1.0,1.0,1.0,1.0,1.0,1.0,1.0,2.30779609667937,1.0
ZFC3H1,1.70670718273844,2.19817399258324,1.0,1.0,1.0,1.0,1.0,1.0,1.0,1.0,1.0
SAMHD1,1.0,1.0,1.0,1.0,1.0,1.0,1.0,1.0,1.0,1.84182824782131,1.0
HDAC7,1.0,1.68670208261426,1.0,1.0,1.0,1.0,1.0,1.0,1.0,1.0,1.0
ARHGEF1,1.0,1.0,1.0,2.09605969055188,1.0,1.0,1.0,1.0,1.0,1.0,1.0
RCSD1,1.0,1.0,2.165204661610668,1.0,1.0,1.0,1.0,1.0,1.0,1.0,1.0
AAK1,1.0,1.0,1.0,1.0,1.0,1.0,1.0,1.0,1.0,3.54039275466953,1.0
OSBPL10,1.75145184679335,1.0,1.0,1.0,1.0,1.0,1.0,1.0,1.0,1.0,1.0
CHTF18,1.0,1.0,1.66122894818755,1.0,1.0,1.0,1.0,1.0,1.0,1.0,1.0
INTS1,1.0,1.0,1.0,1.0,1.0,1.0,1.0,1.0,1.0,1.66057941039965,1.0
RPS7,1.0,1.0,1.69851517817087,1.0,1.0,1.0,1.0,1.0,1.0,1.0,1.0
DTD1,1.0,1.0,1.0,1.0,1.0,1.0,1.0,1.0,1.0,2.36316074922028,1.0
VPS4A,1.0,1.0,1.0,1.0,1.0,1.0,1.0,1.0,1.0,1.68849738706065,1.0
ING4,1.0,1.0,1.0,1.0,1.0,1.0,1.0,1.0,1.0,2.20426589303018,1.0
NOP2,1.0,2.05635503642404,1.0,1.0,1.0,1.0,1.0,1.0,1.0,1.0,1.0
AAAS,1.0,1.0,1.75685795862592,1.0,1.0,1.0,1.0,1.0,1.0,1.0,1.0
CCDC82,1.0,1.0,1.0,1.0,1.0,1.0,1.0,1.0,1.0,1.81465123281789,1.0
REXO4,1.0,1.0,1.0,1.0,1.0,1.0,1.0,1.0,1.0,1.88184552400828,1.0
FAM123A,1.0,1.0,1.0,2.310756911,1.0,1.0,1.0,1.0,1.0,1.0,1.0
PAPOLA,1.0,1.0,1.0,1.0,1.0,1.0,1.0,1.0,1.0,1.74564888085403,1.0
SLC38A1,1.0,1.0,1.0,1.0,1.0,1.0,1.0,1.0,1.0,1.76681782475642,1.0
PACS1,1.0,1.0,1.0,1.0,1.0,2.16805401416599,1.0,1.0,1.0,1.0,1.0
MCM4,1.0,1.0,1.82871659244933,1.0,1.0,1.0,1.0,1.0,1.0,1.0,1.0
MAX,1.0,1.0,3.12875176875491,1.0,1.0,1.0,1.0,1.0,1.0,1.80034656277645,1.0
KIAA0556,1.0,1.71545481883396,1.0,1.0,1.0,1.0,1.0,1.0,1.0,1.0,1.0
PTK2B,1.0,1.0,2.94069014067932,1.0,1.0,1.0,1.0,1.0,1.0,1.0,1.0
PCGF6,1.0,1.0,1.0,1.0,1.0,1.0,1.0,1.0,1.0,1.90175420492542,1.0
NUMB,1.0,1.0,1.0,1.0,1.69607904616417,1.0,1.0,1.0,1.0,1.0,1.0
EPS15,1.0,1.0,1.0,1.0,1.0,1.0,1.0,1.0,1.0,2.67569530592722,1.0
IWS1,1.0,1.0,2.417206118467377,1.0,1.0,1.0,1.0,1.0,1.0,1.9658483073781463,1.0
EIF3A,1.0,1.0,1.73193174996066,1.0,1.0,1.0,1.0,1.0,1.0,1.0,1.0
ANXA5,1.0,1.0,1.0,1.0,1.0,1.0,1.0,1.0,1.0,1.88774083386677,1.0
BASP1,1.0,1.0,1.0,1.0,1.0,1.0,1.0,1.0,1.0,2.6510746682714026,1.0
RECQL4,1.0,2.0997549456727,1.0,1.0,1.0,1.0,1.0,1.0,1.0,1.0,1.0
THOC5,1.0,3.071043575467535,1.0,1.0,1.0,1.0,1.88077836234271,1.0,1.0,1.0,1.0
MON2,1.0,1.67111367476036,1.0,1.0,1.0,1.0,1.0,1.0,1.0,1.0,1.0
CCDC6,1.0,1.0,1.0,1.0,1.0,1.0,1.0,1.0,1.0,1.946379958854325,1.0
TFPI2,1.0,1.0,1.0,1.0,1.0,1.0,1.0,1.0,1.0,1.96883814118993,1.0
LIG1,1.0,1.0,1.0,1.0,1.0,1.0,1.0,1.0,1.0,1.81857941907064,1.0
KAT5,1.0,1.0,1.0,1.0,1.0,1.0,1.0,1.0,1.0,1.90337206687196,1.0
CD276,1.0,1.0,1.0,1.0,1.0,1.0,1.0,1.0,1.0,1.95160560584821,1.0
"GCOM2, POLR2M",1.0,1.0,1.0,2.469330651,1.0,1.0,1.0,1.0,1.0,1.0,1.0
TPD52,1.0,1.0,1.0,1.76702759114561,1.82530677234297,1.0,1.67008940101758,1.0,1.0,1.0,1.0
UNC45A,1.0,1.0,1.0,1.0,1.0,1.0,1.0,1.0,1.0,2.6016082948418,1.0
RBM8A,1.0,1.0,1.87880098864137,1.0,1.0,1.0,1.0,1.0,1.0,1.0,1.0
MFF,1.7859587379935,1.0,1.85548728448524,1.0,1.0,1.0,1.0,1.0,1.0,1.0,1.0
ARHGAP39,1.0,1.0,1.76185173671927,1.0,1.0,1.0,1.0,1.0,1.0,1.76753422399393,1.0
ITGA5,1.0,1.0,1.0,1.0,1.0,1.0,1.0,1.0,1.0,1.73175378521924,1.0
PITPNB,1.0,2.75220830328452,1.0,1.0,1.0,1.0,1.0,1.0,1.0,1.0,1.0
"ARPP19, ENSA",1.0,1.0,1.70487902609104,1.0,1.0,1.0,1.0,1.0,1.0,2.58830700498835,1.0
KPNA2,1.0,1.0,1.0,1.0,1.66671115705222,1.0,1.0,1.0,1.0,1.0,1.0
AKTIP,1.0,1.81964762291894,1.0,1.0,1.0,1.0,1.0,1.0,1.0,1.0,1.0
NUFIP2,1.0,2.0022169084304,1.0,1.0,1.0,1.0,1.0,1.0,1.0,1.71697889194249,1.0
ABCC2,1.0,1.68220825667468,1.0,1.0,1.0,1.0,1.0,1.0,1.0,1.0,1.0
C18orf25,1.0,1.74270611907264,1.0,1.0,1.0,1.0,1.0,1.0,1.0,1.0,1.0
"POU2F1, POU2F3",1.0,1.0,1.79116962590565,1.0,1.0,1.0,1.0,1.0,1.0,1.0,1.0
FUBP3,1.0,1.0,1.0,1.0,1.0,1.0,1.0,1.0,1.0,1.98261112381978,1.0
BCL10,1.0,1.0,1.0,1.0,1.0,1.0,1.0,1.0,1.0,1.75159408673795,1.0
PINX1,1.0,1.0,1.0,1.0,1.0,1.0,1.0,1.0,1.0,1.81939644962038,1.0
DCBLD2,1.0,1.0,1.99712687278594,1.0,1.0,1.0,1.0,1.0,1.0,1.0,1.0
RNF214,1.0,1.0,1.0,1.0,1.0,1.0,1.0,1.0,1.0,1.76531293944503,1.0
CAMSAP1,1.0,1.0,2.3944877536752,1.0,1.0,1.0,1.0,1.0,1.0,1.0,1.0
WBP4,1.0,1.0,1.0,1.0,1.0,1.0,1.0,1.0,1.0,1.89699188894351,1.0
PHRF1,1.0,1.0,1.0,1.0,1.0,1.0,1.0,1.0,1.0,2.28843084459946,1.0
HIST1H1C,1.0,1.0,1.7715545049574566,1.0,1.0,1.0,1.0,1.0,1.0,1.0,1.0
ABI1,1.0,1.0,3.0601430227926976,1.0,1.0,1.0,1.0,1.0,1.0,1.0,1.0
FTSJ3,1.0,1.0,1.73840882417123,1.0,1.0,1.0,1.0,1.0,1.0,1.0,1.0
HNRNPK,1.0,1.0,2.14975570320181,1.0,1.0,1.0,1.0,1.0,1.0,1.0,1.0
FAM53C,1.0,1.0,1.84845022272374,1.0,1.0,1.0,1.0,1.0,1.0,1.0,1.0
CALD1,1.0,1.0,1.72210601174275,1.0,1.83299145308542,1.0,1.0,1.0,1.0,1.770078159067,1.0
BRD1,1.0,1.0,2.52845498679449,1.0,1.0,1.0,1.0,1.0,1.0,1.0,1.0
MAP7,1.0,1.0,2.18618747170343,1.0,1.0,1.0,1.0,1.0,1.0,1.0,1.0
"CTAGE1, CTAGE5",1.0,1.0,3.3974257769344,1.0,1.0,1.0,1.0,1.0,1.0,1.0,1.0
PHACTR4,1.0,2.249340121099624,1.0,2.238720948,1.0,1.0,1.0,1.89854002677583,1.0,1.0,1.0
LRBA,1.0,1.0,2.97633199479165,1.0,1.0,1.0,1.0,1.0,1.0,1.0,1.0
GRAMD1A,1.0,1.0,1.0,1.0,1.0,1.0,1.0,1.0,1.0,2.378970365602473,1.0
CHD4,1.75484914519681,1.0,1.0,1.0,1.0,1.0,1.0,1.0,1.0,1.76519262312001,1.0
CCDC28B,1.0,1.0,2.25299790782642,1.0,1.0,1.0,1.0,1.0,1.0,1.0,1.0
"ARAF, RAF1",1.0,1.0,2.2823333226896,1.0,1.0,1.0,1.0,1.0,1.0,1.0,1.0
SRGAP3,1.0,1.0,2.26591106561517,1.0,1.0,1.0,1.0,1.0,1.0,1.0,1.0
FASN,1.0,1.0,2.460859242319085,1.0,1.0,1.0,1.0,1.0,1.0,1.0,1.0
CLTC,1.0,1.0,1.0,1.0,1.0,1.0,1.0,1.0,1.0,1.82043118266295,1.0
"ATF1, CREB1, CREM",1.0,2.55324822182412,1.0,1.0,1.0,1.0,1.0,1.0,1.0,1.0,1.0
VPS13D,1.0,2.08410278621048,1.0,1.0,1.0,1.0,1.0,1.0,1.0,1.0,1.0
MAPK3,1.0,1.0,1.0,2.3987348683333334,1.0,1.0,1.0,1.0,1.0,1.0,1.0
"MARK2, MARK3",1.0,1.0,1.0,1.0,1.0,1.0,1.0,1.0,1.0,1.74085258923145,1.0
EPB41L1,1.0,1.0,1.0,1.0,1.0,1.0,1.0,1.0,1.0,1.9165688355354304,1.0
INF2,1.0,1.0,1.0,1.0,1.0,1.0,1.0,1.0,1.0,1.7499816524444851,1.0
HNRNPU,1.0,1.0,1.0,1.0,1.0,1.0,1.0,1.0,1.0,1.8408203923925897,1.0
F2RL1,1.0,1.8181942683634,1.0,1.0,1.0,1.0,1.0,1.0,1.0,1.0,1.0
NFATC2,1.0,1.0,2.36889924070214,1.0,1.0,1.0,1.0,1.0,1.0,1.0,1.0
GIGYF2,1.0,2.4561860887056,1.0,1.0,1.0,1.0,1.0,1.0,1.0,2.633673459089855,1.0
SMARCC1,1.0,1.0,1.0,1.0,1.0,1.0,1.0,1.0,1.0,1.779981616184275,1.0
PEA15,1.0,1.0,2.0279656635986,1.0,1.0,1.0,1.0,1.0,1.0,1.0,1.0
NUP98,1.0,1.0,2.01413320551079,1.0,1.0,1.0,1.0,1.0,1.0,1.0,1.0
RABGAP1,1.0,1.0,1.0,1.0,1.0,1.0,1.0,1.0,1.0,1.71849479083461,1.0
NHSL1,1.0,1.0,1.0,1.0,1.0,1.0,1.0,1.0,2.05693442034677,1.0,1.0
DDX20,1.0,1.0,1.0,2.457488653,1.0,1.0,1.0,1.0,1.0,1.0,1.0
AHNAK2,1.0,2.0339807309721047,1.0,2.11158753218027,1.0,1.0,1.0,1.0,1.0,1.73407750819793,1.0
TOPORS,1.0,1.0,1.0,1.0,1.0,1.0,1.0,1.0,1.0,2.6470975206550698,1.0
DCP1A,1.0,1.0,1.0,1.0,1.0,1.0,1.0,1.0,1.0,1.9633887532594447,1.0
REPS1,1.0,1.0,2.6571019873342,1.0,1.0,1.0,1.0,1.0,1.0,1.0,1.0
GTF2F1,1.78057437381026,1.0,2.6384885481671367,2.41631067729708,1.0,1.0,1.89220047170057,1.0,2.41631067729708,3.21558618051575,1.0
JUND,1.0,1.0,2.55767896949563,1.0,1.0,1.0,1.0,1.0,1.0,1.0,1.0
"RASSF2, RASSF4",1.0,1.0,1.0,1.0,2.49937305239276,1.0,1.0,1.0,1.0,1.0,1.0
DNM1,1.0,1.0,1.0,1.0,1.0,1.0,1.0,1.0,1.0,3.87297474467428,1.0
LEMD2,1.0,1.0,3.0514508809908,1.0,1.77381105717711,1.0,1.0,1.88016062833556,1.0,3.0412734200061173,1.0
OXSR1,1.0,1.0,1.0,1.0,1.0,1.0,1.0,1.0,1.0,7.13703975222574,1.0
NOLC1,1.0,1.0,1.742191998097225,1.0,1.0,1.0,1.0,1.0,1.0,1.9280816727623904,1.0
"FAM21A, FAM21B, FAM21C",1.0,1.0,3.29788026438592,1.0,1.0,1.0,1.0,1.0,1.0,1.72834779358972,1.0
RAVER1,1.0,1.0,3.14799303018155,1.0,1.0,1.0,1.0,1.0,1.0,1.0,1.0
DNMT3A,1.0,1.0,1.0,1.0,1.0,1.0,1.0,1.0,1.0,1.75158773142448,1.0
BCL2L13,1.0,1.0,2.36423202049543,1.0,1.0,1.0,1.0,1.0,1.0,1.0,1.0
RSF1,1.0,1.0,1.0,1.0,1.0,1.0,1.0,1.0,1.0,2.19908425829569,1.0
TBC1D4,1.0,1.0,1.0,2.34476451785358,1.0,1.0,1.0,1.0,2.34476451785358,2.22712053776779,1.0
GTSE1,1.0,1.90034311212074,2.14857767851327,1.0,1.0,1.0,1.0,1.0,1.0,1.0,1.0
EML3,1.0,1.0,2.65456264507014,1.0,1.0,1.0,1.0,1.0,1.0,1.0,1.0
TGOLN2,1.0,1.0,1.0,1.0,1.0,1.0,1.0,1.0,1.0,1.92336527553638,1.0
YBX1,1.0,1.0,1.0,1.0,1.0,1.0,1.0,1.0,1.0,1.766992966988105,1.0
SH3GL1,1.0,1.0,2.13631898489526,1.0,1.0,1.0,1.0,1.0,1.0,1.0,1.0
DNAJB14,1.0,1.8544154461698,1.0,1.0,1.0,1.0,1.0,1.0,1.0,1.0,1.0
MTSS1L,1.0,1.0,1.0,2.043035356,1.0,1.0,1.0,1.0,1.0,1.0,1.0
AARS,1.0,1.0,1.0,1.0,1.0,1.0,1.0,1.0,1.0,1.69797685310045,1.0
CYB5B,1.0,1.0,1.0,1.0,1.0,1.0,1.68548508840528,1.0,1.0,1.0,1.0
EDC3,1.0,1.0,2.54057818531661,1.0,1.0,1.0,1.0,1.0,1.0,1.0,1.0
ZC3H18,1.0,1.0,1.0,1.0,1.0,1.0,1.0,1.0,1.0,2.228916542931316,1.0
KANSL3,2.00089177944549,2.01958856434902,1.0,1.0,1.0,1.0,1.89202302312346,1.0,1.0,2.5151932502252,1.0
EHBP1L1,1.0,1.0,2.22592994771607,1.0,1.0,1.0,1.0,1.0,1.0,1.0,1.0
VASP,1.0,1.75641231695519,2.07807144110027,1.0,1.0,1.0,1.0,1.0,1.0,1.0,1.0
YAP1,1.0,1.0,2.361922727604115,1.0,1.0,1.0,1.0,1.0,1.0,1.0,1.0
PARVB,1.0,1.0,1.0,1.0,1.0,1.0,1.0,1.0,1.0,1.80855395468303,1.0
MAP7D1,1.0,1.0,4.61525091196083,1.0,1.0,1.0,1.0,1.0,1.0,2.19214581406899,1.0
MKL2,1.0,1.0,1.0,3.41650055,1.0,1.0,1.0,1.0,1.0,1.0,1.0
LARP1,1.0,1.0,1.70591561209799,2.222517881666666,1.0,1.0,1.75187300257145,1.0,1.0,2.3614678192330936,1.0
GNA13,1.0,2.49491495667331,1.0,1.0,1.0,1.0,1.0,1.0,1.0,1.0,1.0
VIM,1.0,1.8802391292687533,2.095938667367775,1.0,1.0,1.0,1.0,1.0,1.0,1.82749203823223,1.0
CDC25B,1.0,1.0,1.0,1.0,1.98925747908292,1.0,1.0,1.0,1.0,1.0,1.0
PVR,1.0,1.0,1.0,1.0,1.0,1.0,1.0,1.0,1.0,1.898324264848345,1.0
CHD8,1.0,1.0,1.0,1.0,1.0,1.0,1.0,1.0,1.0,1.73385847511752,1.0
RHPN2,1.0,1.0,1.0,1.0,1.0,1.0,1.0,1.0,1.0,2.53667172301461,1.0
NRBP1,1.0,1.0,1.0,1.0,1.0,1.0,1.0,1.0,1.0,2.01478211389619,1.0
ABL2,1.0,1.0,1.0,1.0,1.72081037969776,1.0,1.0,1.92999303886646,1.0,2.23158767490903,1.0
TRA2B,1.0,1.0,2.23065641253397,1.0,1.0,1.0,1.0,1.0,1.0,1.0,1.0
SRBD1,1.0,1.0,1.85873533549048,1.0,1.0,1.0,1.0,1.0,1.0,1.0,1.0
MYO18A,1.0,1.0,2.00560742946887,2.736879543,1.0,1.0,1.0,1.0,1.0,2.32177324012315,1.0
EIF2AK3,1.0,1.0,1.0,1.83044863327192,1.0,1.0,1.0,1.0,1.0,1.0,1.0
NCK2,1.0,1.0,1.0,1.0,1.0,1.0,1.0,1.0,1.0,2.06633565428441,1.0
RBM34,1.0,1.0,2.5111990090176124,1.0,1.0,1.0,1.0,1.0,1.0,1.73252882367258,1.0
GNAS,1.0,1.0,1.0,1.0,1.0,1.0,1.0,1.0,1.0,2.11183140666881,1.0
PHF14,1.0,1.80417241079676,2.19261699874588,2.31271674,1.0,1.0,1.0,1.0,1.0,1.0,1.0
ZBTB7A,1.0,1.0,1.0,1.0,1.0,1.0,1.0,1.0,1.0,1.90611170047419,1.0
RRP36,1.0,1.0,1.0,1.0,1.0,1.0,1.0,1.0,1.0,1.76803814504388,1.0
JMJD1C,1.0,1.0,1.0,1.0,1.0,1.0,1.0,1.0,1.0,1.96348302400144,1.0
CREBBP,1.0,1.0,1.0,1.0,1.0,1.0,1.0,1.0,1.0,1.95179064165028,1.0
C17orf28,1.0,2.00349509078752,1.0,1.0,1.0,1.0,1.0,1.0,1.0,1.0,1.0
ANKS1A,1.0,3.72242674571456,1.0,1.0,1.0,1.0,1.0,2.17498707330006,1.0,2.33893754534763,1.0
HIVEP1,1.0,1.0,1.0,1.0,1.0,1.0,1.0,1.0,2.13636218264355,1.0,1.0
TTC28,1.0,1.0,1.0,1.0,1.97626309636994,1.0,1.0,1.0,1.0,1.0,1.0
STK39,1.0,1.0,1.0,1.0,1.0,1.0,1.0,1.0,1.0,9.84032197941513,1.0
CEP120,1.0,1.0,1.80173923508162,1.0,1.0,1.0,1.0,1.0,1.0,1.0,1.0
TNS1,1.0,1.0,1.0,1.0,1.0,1.0,1.0,1.0,2.16816130668594,4.78605015634683,1.0
KIAA0947,1.0,1.0,1.0,1.0,1.0,1.0,1.0,1.0,1.0,1.68782335062517,1.0
TCOF1,1.0,1.0,2.16044755904526,1.0,1.81722639162145,1.0,1.0,1.0,1.0,1.0,1.0
SCAF11,1.0,1.0,3.53776322079769,1.0,1.0,1.0,1.0,1.0,1.0,3.571948497255136,1.0
PPP1R7,1.0,1.0,1.0,1.0,1.0,1.0,1.0,1.0,1.0,1.905191306705785,1.0
BAIAP2,1.0,1.0,2.39322824619848,1.0,1.0,1.0,1.0,1.0,1.0,1.0,1.0
SPATS2L,1.0,1.0,1.0,1.0,1.0,1.0,1.0,1.0,1.0,3.021612470554895,1.0
SMCR7L,1.0,1.0,1.0,1.0,1.0,1.0,1.0,1.0,1.0,1.78390869112474,1.0
MYBL2,1.0,1.0,3.27342092242469,1.0,1.0,1.0,1.0,1.0,1.0,1.0,1.0
FHOD1,1.0,1.0,1.0,1.0,1.0,1.0,1.85753967249701,1.0,1.0,1.0,1.0
SYNPO,1.0,1.0,1.0,1.0,1.0,1.0,1.0,1.0,1.0,2.64414508484411,1.0
CHERP,1.0,1.87761231801998,1.0,1.0,1.0,1.0,1.0,1.0,1.0,3.511463285147,1.0
HP1BP3,1.0,1.0,1.71377077511309,1.0,1.0,1.0,1.0,1.0,1.0,1.0,1.0
AKAP13,1.0,1.0,2.11911146954872,1.0,1.0,1.0,1.0,1.0,1.0,1.0,1.0
MSH6,1.0,1.0,2.39166214541044,1.0,1.0,1.0,1.0,1.0,1.0,2.13236567908663,1.0
PAPOLG,1.0,1.70888751002781,1.0,1.0,1.0,1.0,1.0,1.0,1.0,1.0,1.0
GTF3C1,1.0,1.0,2.3984869486555502,1.0,1.7690255096766263,1.0,1.0,1.0,1.0,2.52212407494226,1.0
CDCA2,1.0,1.0,1.0,1.0,1.91696008045374,1.0,1.0,1.0,1.0,1.0,1.0
ZC3H13,1.0,1.0,1.0,1.0,1.0,1.67276532458111,1.0,1.0,1.0,1.815775929618742,1.0
FOXK1,1.0,1.0,2.1730685051351,1.0,1.0,1.0,1.0,1.0,1.0,3.723912536508605,1.0
NFX1,1.0,1.0,2.15052533340629,1.0,1.0,1.0,1.0,1.0,1.0,1.0,1.0
"EEF1A1, EEF1A1P5",1.0,1.0,2.07199164954743,1.0,1.0,1.0,1.0,1.0,1.0,1.0,1.0
CLASRP,1.0,1.0,1.0,1.0,1.0,1.0,1.0,1.0,1.0,3.38123937331386,1.0
"SRRM1, USP24",1.0,1.0,1.0,1.0,1.0,1.0,1.0,1.0,1.0,1.8103729402332,1.0
RPS14,1.0,1.0,2.50719771428012,1.0,1.0,1.0,1.0,1.0,1.0,1.0,1.0
ADAR,1.0,1.0,1.0,2.156104854,1.0,1.0,1.0,1.0,1.0,1.0,1.0
SKA3,1.0,1.0,2.40292683668947,1.0,1.0,1.0,1.0,1.0,1.0,1.0,1.0
SDPR,1.0,1.0,2.57537470859177,1.0,1.0,1.0,1.0,1.0,1.0,1.80630199379195,1.0
RPS28,1.0,1.0,2.5019533550365,1.0,1.0,1.0,1.0,1.0,1.0,1.0,1.0
PCF11,1.0,1.0,1.0,1.0,1.0,1.0,1.0,1.0,1.0,2.5066340679251238,1.0
ING5,1.0,1.0,1.0,1.0,1.0,1.0,1.0,1.0,1.0,2.285515433276945,1.0
"PPFIA1, PPFIA4",1.0,1.0,1.0,1.0,1.0,1.0,1.0,1.0,1.0,2.90764682623948,1.0
FAM208B,1.0,1.0,2.00423217200435,1.0,1.0,1.0,1.0,1.0,1.0,1.0,1.0
"ANXA2, ANXA2P2",1.0,1.0,1.0,1.0,1.0,1.0,1.0,1.0,2.02331746734767,1.70033344398801,1.0
SGTA,1.0,1.0,1.0,1.0,1.0,1.0,1.0,1.0,1.0,3.451550493555464,1.0
PRKD2,1.0,1.0,2.73325510915224,1.0,2.08029334826601,1.0,1.0,1.0,1.0,1.0,1.0
TRIM56,1.0,1.0,2.33111159281741,1.0,1.0,1.0,1.0,1.0,1.0,3.54343569669323,1.0
SNX24,1.0,1.0,4.482341637294255,1.0,1.0,1.0,1.0,1.0,1.0,1.0,1.0
TICRR,1.0,1.0,1.0,1.0,1.0,1.0,1.0,1.0,1.0,2.3249531929933,1.0
RPP38,1.0,1.0,1.0,1.0,1.0,1.0,1.0,1.0,1.0,1.84192150779639,1.0
C1orf106,1.0,1.0,1.0,1.0,1.0,1.0,1.0,1.85934502671367,1.0,1.0,1.0
MLL,1.0,1.0,1.0,1.0,1.0,1.0,1.0,1.0,1.0,1.85528037647549,1.0
CTDSPL2,1.0,1.0,1.0,2.025665658,1.0,1.0,1.0,1.0,1.0,1.0,1.0
BECN1,1.0,1.99829108776328,1.0,1.0,1.0,1.0,1.0,1.0,1.0,1.0,1.0
HSF1,1.0,1.0,1.0,1.0,1.0,1.0,1.0,1.0,1.0,2.1789872001388,1.0
STMN1,1.0,1.9624940689222,1.0,1.0,1.0,1.0,1.0,1.0,1.0,1.0,1.0
LPP,1.0,2.87367102677557,1.0,1.0,1.0,1.0,1.0,1.0,1.0,1.0,1.0
SRSF4,1.0,1.0,1.0,2.604547558,1.0,1.0,1.0,1.0,1.0,1.0,1.0
"OXSR1, STK39",1.0,1.0,1.0,1.0,1.0,1.0,1.0,1.0,1.0,1.87982114936227,1.0
CCNL1,1.0,1.0,1.0,1.0,1.0,1.0,1.0,1.0,1.0,2.188069628061575,1.0
PHF2,1.0,1.7344373548827,3.087621946042075,1.0,1.0,1.0,1.0,1.0,1.0,1.0,1.0
SRCAP,1.0,1.0,1.0,1.0,1.0,1.0,1.0,1.0,1.0,1.98802860601037,1.0
TROAP,1.0,1.0,2.60342883463803,1.0,1.0,1.0,1.0,1.0,1.0,1.0,1.0
KAT6A,1.0,1.72401174681273,1.0,1.0,1.0,1.0,1.0,1.0,1.0,1.0,1.0
NUP153,1.0,1.758232773316715,1.0,2.410729756,1.0,1.0,1.0,1.0,1.0,1.0,1.0
SQSTM1,1.0,1.66086369921852,1.0,1.0,1.0,1.0,1.0,1.0,2.05218464105709,1.0,1.0
ZNF629,1.0,1.0,1.0,1.0,1.0,1.0,1.0,1.0,1.0,1.8308730184401,1.0
HDGFRP2,1.0,1.0,1.0,1.0,1.0,1.0,1.0,1.0,1.0,1.90565962822595,1.0
LEMD3,1.0,1.0,1.0,1.0,1.0,1.0,1.0,1.0,1.0,2.54282192013924,1.0
MRF,1.0,1.0,1.0,1.0,1.0,1.0,1.0,1.0,1.0,1.96632726094733,1.0
CTTNBP2NL,1.0,1.0,2.0429543961595,1.0,1.0,1.0,1.0,1.0,1.0,4.46535152178241,1.0
SEC62,1.0,1.0,1.0,1.0,1.0,1.0,1.0,1.0,1.0,1.90599129076447,1.0
PDE4D,1.0,1.84262799554978,1.0,1.0,1.0,1.0,1.78779094450515,1.0,1.0,1.84589787013466,1.0
ELAVL1,1.0,1.0,1.0,1.0,1.69234141095037,1.0,1.0,1.0,1.0,1.0,1.0
MRGBP,1.0,1.0,2.690807279542178,1.0,1.0,1.0,1.0,1.0,1.0,1.0,1.0
RGNEF,1.0,1.0,2.27201107940427,1.0,1.0,1.0,1.0,1.0,1.0,1.0,1.0
STK10,1.0,1.98233874246091,1.0,1.0,1.0,1.0,1.0,1.0,1.0,1.87993286060759,1.0
NOL8,1.0,1.0,1.0,1.0,1.0,1.0,1.0,1.0,1.0,3.28895093757148,1.0
TCEA1,1.0,2.702626000633985,1.0,3.20523382723748,1.0,1.0,1.0,1.0,1.0,1.0,1.0
CTAGE5,1.0,1.0,1.0,1.0,1.0,1.0,1.0,1.0,1.0,1.6855446218718,1.0
ZNF318,1.0,1.89641951170409,1.0,1.0,1.0,1.0,1.0,1.0,1.0,1.75189237807769,1.0
RAD21,1.0,1.0,2.2132819904564,1.0,1.0,1.0,1.0,1.0,1.0,1.0,1.0
PLEKHA7,1.0,2.44247806102843,1.0,1.0,1.0,1.0,1.0,2.14318455798006,1.0,1.85799713397558,1.0
SMC2,1.0,1.0,1.0,1.0,1.0,1.0,1.0,1.0,1.0,1.67295175937479,1.0
HNRNPA0,1.0,1.0,1.0,1.0,1.0,1.0,1.0,1.0,1.0,1.70682127073644,1.0
PHLDB1,1.0,2.05281388603677,14.3174805844102,1.0,1.0,1.0,1.0,1.0,1.0,1.76014073260486,1.0
NPM1,1.0,1.0,1.8722860628172324,1.0,1.84727471744478,1.0,1.0,1.0,1.0,1.0,1.0
PDLIM5,1.0,1.0,1.7462444197005,1.0,1.0,1.0,1.0,1.0,1.0,1.0,1.0
RBM39,1.0,1.0,1.0,1.0,1.0,1.0,1.0,1.0,1.0,3.94679350900057,1.0
WDR59,1.0,1.0,1.0,1.0,1.0,1.0,1.0,1.0,1.0,1.86599412145596,1.0
IL17RA,1.0,1.0,1.0,1.0,1.0,1.0,1.0,1.9047220602181,1.0,1.0,1.0
MTUS1,1.0,2.53498367638333,1.0,1.0,1.0,1.0,1.0,1.0,1.0,1.0,1.0
PRCC,1.0,1.0,2.09463025018097,1.0,1.0,1.0,1.0,1.0,1.0,1.0,1.0
CLIP1,1.0,2.42499515869061,1.0,1.0,1.0,1.0,1.0,1.0,1.0,1.0,1.0
FAM21C,1.0,1.73190756311189,1.0,1.0,1.0,1.0,1.0,1.0,1.0,1.0,1.0
C2orf44,1.0,1.0,2.72661188445582,1.0,1.0,1.0,1.0,1.0,1.0,1.0,1.0
SYMPK,1.0,1.0,3.94705509416798,1.0,1.0,1.0,1.0,1.0,1.0,1.0,1.0
HNRNPC,1.0,1.0,1.0,1.0,1.0,1.0,1.0,1.0,1.0,1.91665032187649,1.0
NCOA6,1.0,1.98575402179578,3.02135738913647,1.0,1.0,1.0,1.0,1.0,1.0,1.0,1.0
"EIF4G1, TNIK",1.0,1.0,1.0,1.0,1.0,1.0,1.0,1.0,1.0,2.15544472827619,1.0
CENPC1,1.0,1.0,2.03178912307542,1.0,1.0,1.0,1.0,1.0,1.0,1.0,1.0
METTL3,1.0,1.0,1.0,1.0,1.0,1.0,1.0,1.0,1.0,1.79638499538553,1.0
SF3B1,1.0,1.0,1.97707900863132,1.0,1.0,1.0,1.0,1.0,1.0,1.0,1.0
MAP3K4,1.0,1.89093088551127,1.0,1.0,1.0,1.0,1.0,1.0,1.0,1.0,1.0
EIF4B,1.0,1.0,2.40645157488434,1.0,1.0,1.0,1.0,1.0,1.0,1.71923847820392,1.0
TBC1D2,1.0,1.0,2.4316474416578098,1.0,1.0,1.0,1.0,1.0,1.0,1.0,1.0
IGHMBP2,1.0,1.0,1.0,1.0,2.02877279837144,1.0,1.0,1.0,1.0,1.0,1.0
SLC12A6,1.0,1.0,2.01358134823211,1.0,1.0,1.0,1.0,1.0,1.0,1.0,1.0
CLIP2,1.0,1.0,1.81295239079389,1.0,1.0,1.0,1.0,1.0,1.0,1.0,1.0
SRSF10,1.0,2.27918641751394,1.0,1.0,1.0,1.0,1.0,1.0,1.0,3.8467840742753183,1.0
RBM12B,1.0,1.0,1.0,1.0,1.0,1.0,1.0,1.0,1.0,1.7523535238587251,1.0
ERCC5,1.0,1.0,2.29250850265065,1.0,1.0,1.0,1.0,1.0,1.0,1.0,1.0
NAA30,1.0,1.0,1.0,1.0,1.0,1.0,1.0,1.0,1.0,1.92931222047705,1.0
RBL2,1.0,1.0,1.0,1.0,1.0,1.0,1.0,1.0,1.0,2.19729274255495,1.0
KIAA0930,1.0,1.0,1.79604109521348,1.0,1.0,1.0,1.0,1.0,1.0,1.0,1.0
HECTD1,1.0,1.77903805068711,1.0,1.95372837872324,1.0,1.0,1.0,1.0,1.0,1.0,1.0
MEA1,1.0,1.0,2.62283916033883,1.0,1.0,1.0,1.0,1.0,1.0,1.0,1.0
NEDD4L,1.0,1.0,1.0,2.49135480213051,1.0,1.0,1.0,1.0,2.49135480213051,2.58832561753037,1.0
DNAJC6,1.0,1.0,1.0,1.0,1.0,1.0,1.0,1.0,1.0,2.03117987764173,1.0
PPP1R15A,1.0,1.72217346398467,1.0,1.0,1.0,1.0,1.0,1.0,1.0,1.0,1.0
NUP93,1.0,1.0,1.0,1.0,1.0,1.0,1.0,1.0,1.0,1.83696553287417,1.0
BAG3,1.0,1.0,1.0,1.0,1.0,1.0,1.0,1.0,1.0,1.7681622528985,1.0
"WASH2P, WASH3P",1.0,1.0,1.0,1.0,1.0,1.0,2.02827230145455,1.0,1.0,1.0,1.0
HDGF,1.0,1.0,1.0,1.0,1.0,1.0,1.0,1.0,1.0,2.1286613572887165,1.0
AMOTL1,1.0,1.0,1.68590980772629,1.0,1.0,1.0,1.0,1.0,1.0,1.0,1.0
", USP32, USP6",1.0,1.0,1.0,1.0,1.0,1.0,1.0,1.0,1.0,2.53305081249572,1.0
MMTAG2,1.0,1.0,4.20008647392817,1.0,1.0,1.0,1.0,1.0,1.0,2.13585150459955,1.0
INPPL1,1.0,1.0,3.15485251341816,1.0,1.0,1.0,1.0,1.0,1.0,1.0,1.0
"DGKD, DGKH",1.0,1.89053829731994,1.0,1.0,1.0,1.0,1.0,1.0,1.0,1.0,1.0
RPS11,1.0,1.0,1.78522696215137,1.0,1.0,1.0,1.0,1.0,1.0,1.0,1.0
HN1L,1.0,1.0,2.86466243535446,1.0,1.0,1.0,1.0,1.0,1.0,1.0,1.0
PDAP1,1.0,1.0,2.09793280205078,1.0,1.0,1.0,1.0,1.0,1.0,2.26749688269287,1.0
FAM83B,1.0,1.0,2.03323274751568,1.0,1.0,1.0,1.0,1.0,1.0,1.0,1.0
CXorf26,1.0,1.0,1.0,1.0,1.0,1.0,1.0,1.0,1.0,1.78664782843308,1.0
TACC2,1.0,1.67382506275761,3.0383760247009,1.0,1.0,1.0,1.0,1.9473579131403569,1.0,2.18683727718101,1.0
RPL13,1.0,1.0,2.38393742611224,1.0,1.0,1.0,1.0,1.0,1.0,1.0,1.0
LIMCH1,1.0,1.82243756086155,1.9272648728058697,1.0,1.0,1.0,1.0,1.0,1.0,1.0,1.0
TPX2,1.0,1.0,1.7616152318787466,1.0,1.83518967608027,1.0,1.0,1.0,1.0,1.0,1.0
URI1,1.0,1.70085743878689,1.0,1.0,1.0,1.0,1.0,1.0,1.0,1.0,1.0
RALGPS2,1.0,1.0,1.0,1.0,1.0,1.0,1.0,1.0,1.0,2.35608613920453,1.0
SAMSN1,1.0,1.0,2.51064975862915,1.0,1.0,1.0,1.0,1.0,1.0,1.0,1.0
AP3B1,1.0,1.0,1.74430805895944,1.0,1.0,1.0,1.0,1.0,1.0,1.0,1.0
CANX,1.0,1.0,1.0,1.0,1.0,1.0,1.0,1.0,1.0,1.8995521655214864,1.0
NDRG2,1.0,1.0,2.67287373973044,1.0,1.0,1.0,1.0,1.0,1.0,1.0,1.0
CTNND1,1.0,1.91185405999583,1.0,1.0,1.0,1.0,1.0,1.0,1.0,1.0,1.0
GEMIN5,1.0,1.0,1.0,1.0,1.0,1.0,1.0,1.0,1.0,2.82320624097048,1.0
SGOL1,1.0,1.0,1.0,1.0,1.99228553121061,1.0,1.0,1.0,1.0,1.0,1.0
PRKCD,1.0,3.80352894660067,1.0,1.0,1.0,1.0,1.0,1.0,1.0,1.0,1.0
NFATC2IP,1.0,1.0,1.0,2.218150617,1.0,1.0,1.0,1.0,1.0,1.0,1.0
"HSP90AB1, HSP90AB2P",1.0,1.0,1.0,1.0,1.0,1.0,1.0,1.0,1.0,1.72258249153281,1.0
KDM1A,1.0,1.0,1.0,1.0,1.0,1.0,1.0,1.0,1.0,1.73477656500534,1.0
RB1,1.0,1.0,1.0,1.0,1.0,1.0,1.0,1.0,1.0,2.023562688057028,1.0
ABLIM3,1.0,1.0,2.20892997807948,1.0,1.0,1.0,1.0,1.0,1.0,1.0,1.0
BET1,1.0,1.0,1.0,2.330980583,1.83336246929094,1.0,1.0,1.78553216469557,1.0,1.0,1.0
PLEKHG3,1.0,1.0,3.2404990642103564,1.0,1.0,1.0,1.0,1.0,1.0,2.03175222154868,1.0
PRRC2C,1.76604927181716,1.95384272819441,1.0,1.0,1.0,1.0,1.0,1.0,1.0,2.07443191800333,1.0
PLXNB2,1.0,1.0,1.0,1.99645846822118,1.0,1.0,1.0,1.0,1.0,1.0,1.0
C17orf85,1.0,1.0,1.0,1.0,1.0,1.0,1.0,1.0,1.0,2.27239344907076,1.0
"WNK1, WNK2, WNK4",1.0,1.0,1.0,1.0,1.0,1.0,1.0,1.0,1.0,2.174779156254,1.0
LARP1B,1.0,1.0,1.0,1.0,1.0,1.0,1.0,1.0,1.0,2.5239296143598158,1.0
TSC22D4,1.0,1.0,1.0,1.0,1.0,1.0,1.0,1.0,1.0,2.34050770738997,1.0
MICALL1,1.0,1.0,2.3135464154075414,1.0,1.0,1.0,1.0,1.0,1.0,1.68839072560512,1.0
PALLD,1.0,1.73876166011993,1.0,1.0,1.0,1.0,1.0,1.0,1.0,1.0,1.0
PTK2,1.0,1.0,2.739993684436115,1.0,1.0,1.0,1.0,1.0,1.0,1.0,1.0
ARHGAP5,1.0,1.0,1.0,1.0,1.0,1.0,1.0,1.0,1.0,1.71272586934642,1.0
RCC2,1.0,1.0,2.26945004800753,1.0,1.0,1.0,1.0,1.0,1.0,1.0,1.0
HNRNPR,1.0,1.0,2.26125958292284,1.0,1.0,1.0,1.0,1.0,1.0,1.0,1.0
C1orf226,1.0,1.0,5.31871423779175,1.0,1.0,1.0,1.0,1.0,1.0,1.0,1.0
"BCLAF1, THRAP3",1.0,1.0,2.46440927058057,1.0,1.0,1.0,1.0,1.0,1.0,1.0,1.0
RPS6KA1,1.0,1.90491299747535,1.0,1.0,1.0,1.0,1.0,1.0,1.0,1.0,1.0
PPFIBP2,1.0,1.0,1.99983542705788,1.0,1.0,1.0,1.0,1.0,1.0,1.0,1.0
EHBP1,1.0,1.879440829606406,1.0,2.1393474866654167,1.0,1.0,1.0,2.72827227720275,1.0,3.42992535837051,1.0
AKAP12,1.0,2.08330310838302,1.82170154729483,2.717689383333333,1.0,1.0,1.0,1.0,1.0,1.0,1.0
AMPD2,1.0,1.98637105795302,1.0,1.0,1.0,1.0,1.0,1.0,1.0,1.0,1.0
SEPT9,1.0,1.0,1.6633463187298,1.0,1.0,1.0,1.0,1.0,1.0,1.0,1.0
"TLE3, TLE4",1.0,1.0,1.0,1.0,1.0,1.0,1.0,1.0,1.0,1.86785454887538,1.0
BAG6,1.0,1.0,1.0,1.0,1.0,1.0,1.0,1.0,1.0,1.977055726739565,1.0
ATAD2,1.0,1.0,4.98043116325876,1.0,1.0,1.0,1.0,1.0,1.0,1.0,1.0
TBC1D5,1.0,1.81832711412898,1.0,1.0,1.0,1.0,1.0,1.0,1.0,1.0,1.0
GPN1,1.0,1.0,3.24035694144374,1.0,1.0,1.0,1.0,1.0,1.0,1.0,1.0
OFD1,1.0,1.0,3.15433796978629,1.0,1.0,1.0,1.0,1.0,1.0,1.0,1.0
API5,1.0,1.0,1.0,1.0,1.0,1.0,1.0,1.67180480343552,1.0,1.0,1.0
CD44,1.0,1.78817763866054,1.0,1.0,1.0,1.0,1.0,1.0,1.0,1.0,1.0
"R3HDM1, R3HDM2",1.0,1.0,2.29547384057473,1.0,1.0,1.0,1.0,1.0,1.0,1.0,1.0
PLEC,1.0,1.0,2.17962885144021,2.327155795106993,1.69499783077783,1.0,1.0,1.0,2.327155795106993,1.0,1.0
TCEB3,1.0,1.93974873997752,1.0,1.0,1.0,1.0,1.0,1.0,1.0,1.0,1.0
MAF1,1.0,1.0,1.0,1.0,1.0,1.0,1.0,1.0,1.0,1.68099677022836,1.0
"DUSP16, DUSP8",1.0,1.88670112705892,1.0,1.0,1.0,1.0,1.0,1.0,1.0,1.0,1.0
SLC9A7,1.0,1.97615612399985,1.0,1.0,1.0,1.0,1.0,1.0,1.0,1.0,1.0
ARID1A,1.0,1.0,2.45612202595227,1.0,1.0,1.0,1.0,1.0,1.0,1.95636295369095,1.0
TRIP12,1.0,1.7528150399519649,1.0,1.0,1.0,1.0,1.0,1.0,1.0,1.71162792603239,1.0
NSUN2,1.0,1.0,1.0,1.0,1.0,1.0,1.0,1.0,1.0,1.80255156904968,1.0
MTDH,1.0,1.0,1.0,1.0,1.0,1.0,1.0,1.0,1.0,1.75961228993822,1.0
BPTF,1.0,1.0,1.0,1.0,1.0,1.0,1.0,1.0,1.0,1.96708623209897,1.0
C12orf29,1.0,1.0,2.50347115376301,1.0,1.0,1.0,1.0,1.0,1.0,1.0,1.0
AGFG1,1.0,1.0,2.2565657863649,1.0,1.0,1.0,1.0,1.0,1.0,1.0,1.0
RGS10,1.0,2.09734520793525,1.0,1.0,1.0,1.0,1.0,1.0,1.0,1.0,1.0
SLAIN2,1.0,1.864981581682275,1.0,1.0,1.0,1.0,1.0,1.0,1.0,1.0,1.0
EML4,1.0,1.0,1.66011235176507,1.0,1.0,1.0,1.0,1.0,1.0,1.9047234886799205,1.0
SPAG9,1.0,1.0,2.69858413290815,1.0,1.0,1.0,1.0,1.69915261623529,1.0,1.8617000572418552,1.0
RBM15B,1.0,1.0,1.0,1.0,1.0,1.0,1.0,1.0,1.0,2.81905883369718,1.0
RBM15,1.0,1.0,2.84506831619506,1.0,1.0,1.0,1.0,1.0,1.0,1.0,1.0
EIF2B4,1.0,1.0,2.48450314857344,1.0,1.0,1.0,1.0,1.0,1.0,1.0,1.0
SIPA1L3,1.0,1.82466439534946,1.0,1.0,1.0,1.0,1.0,1.0,1.0,1.0,1.0
VGLL4,1.0,1.0,1.0,1.0,1.0,1.0,1.0,1.0,1.0,1.6761090899749,1.0
PCYT1A,1.0,1.0,2.0318455973185,1.0,1.0,1.0,1.0,1.0,1.0,4.528886326900755,1.0
RNF31,1.0,1.0,1.0,1.0,1.0,1.0,1.0,1.0,1.0,2.97894667177532,1.0
CCDC86,1.0,1.87425969307748,1.0,1.85184756185596,1.0,1.0,1.0,1.0,1.0,2.0036928349014183,1.0
FRS2,1.0,1.77977922056811,1.0,1.0,1.0,1.0,1.0,1.0,1.0,1.0,1.0
TBC1D10B,1.0,1.75506949986428,1.0,1.0,1.0,1.0,1.0,1.0,1.0,1.0,1.0
HIST1H1B,1.0,1.0,1.844613990350855,2.21864832385763,1.0,1.0,1.0,1.0,1.0,1.0,1.0
SCAF8,1.0,1.0,1.0,1.0,1.0,1.0,1.0,1.0,1.0,1.994870840079395,1.0
"ACTA1, ACTA2, ACTB, ACTC1, ACTG1, ACTG2, POTEE, POTEF, POTEI",1.0,1.0,1.0,1.0,1.0,1.7312309606736,1.0,1.0,1.0,1.0,1.0
DOCK5,1.0,1.81787266899122,1.0,2.743048806,1.0,1.0,1.0,1.0,1.0,1.0,1.0
PPIP5K2,1.0,1.0,2.39822864848825,1.0,1.0,1.0,1.0,1.0,1.0,1.0,1.0
FAM83H,1.0,1.0,1.0,2.357664284,1.0,1.0,1.0,1.0,1.0,2.0367280640548038,1.0
PTPN14,1.0,1.0,2.81304151779944,1.0,1.0,1.0,1.0,1.0,1.0,1.0,1.0
KIF21A,1.0,1.0,1.0,2.0556363295,1.0,1.0,1.0,1.0,1.0,1.9315216567673752,1.0
INO80B,1.0,1.0,1.0,1.0,1.0,1.0,1.0,1.0,1.0,1.8862082273151,1.0
PARG,1.0,1.0,2.01988992071211,1.0,1.0,1.0,1.0,1.0,1.0,1.0,1.0
CRTC1,1.0,1.0,1.0,1.0,1.0,1.0,1.0,1.0,1.0,1.84461599321163,1.0
KIF23,1.0,1.0,1.0,1.0,1.0,1.0,1.0,1.0,1.0,1.69474694241578,1.0
IRF6,1.0,1.0,2.08478505584589,1.0,1.0,1.0,1.0,1.0,1.0,1.0,1.0
EPHA2,1.0,1.0,1.0,1.77516946821134,1.0,1.0,1.0,1.0,1.0,1.0,1.0
"STK3, STK4",1.0,1.0,1.0,1.0,1.0,1.0,1.0,1.0,1.0,1.7008923151867,1.0
CSTF3,1.0,1.0,1.0,1.0,1.0,1.0,1.0,1.0,1.0,1.79489839108649,1.0
AHCTF1,1.0,2.04018721936223,1.0,1.0,1.0,1.0,1.0,1.0,1.0,1.67858263371289,1.0
SIPA1,1.0,1.0,2.03404805710255,1.0,1.0,1.0,1.0,1.0,1.0,1.0,1.0
METAP2,1.0,1.0,1.68194012091324,1.0,1.0,1.0,1.0,1.0,1.0,1.0,1.0
ASPH,1.0,1.0,2.27731600515564,1.0,1.0,1.0,1.0,1.0,1.0,1.0,1.0
DDX54,1.0,1.0,1.0,1.0,1.0,1.0,1.0,1.0,1.0,1.68585710997817,1.0
"HIST1H3A, HIST2H3A, HIST3H3",1.0,1.0,1.811871305284205,1.0,1.0,1.0,1.0,1.0,1.0,1.0,1.0
TLN1,1.0,1.0,2.6631787698634097,1.0,1.0,1.0,1.0,1.0,1.0,1.0,1.0
KANK2,1.0,1.833146888304105,1.0,1.0,1.0,1.0,1.0,1.0,1.0,1.0,1.0
FLNB,1.0,1.0,1.69429607397945,1.0,1.0,1.0,1.0,1.0,1.0,1.0,1.0
SUPT5H,1.0,1.0,2.98849414369397,1.0,1.0,1.0,1.0,1.0,1.0,1.0,1.0
DNAJC2,2.39027844950895,2.25855348543475,1.0,2.229021571,1.0,1.0,2.54800369502264,1.0,1.0,1.0,1.0
BMS1,1.0,1.0,2.01743692282492,1.0,1.0,1.0,1.0,1.0,1.0,1.0,1.0
MLPH,1.0,1.90703928897119,1.0,1.0,1.0,1.0,1.0,1.0,1.0,1.71515125096782,1.0
"GRK5, GRK6",1.0,1.0,1.0,1.0,1.0,1.0,1.0,1.0,1.0,1.96365913963216,1.0
KLC2,1.0,1.93724787850041,2.02393792264995,1.0,1.0,1.0,1.0,1.0,1.0,1.0,1.0
SH2D4A,1.0,2.588315059457,1.0,1.0,1.0,1.0,1.0,1.71177453481433,1.0,2.28203506834848,1.0
SH3PXD2B,1.0,1.75168220050952,1.0,1.0,1.0,1.0,1.0,1.0,1.0,1.0,1.0
WHSC1,1.0,1.0,1.0,1.0,1.0,1.0,1.0,1.0,1.0,1.807090327877305,1.0
CABLES1,1.0,1.80925675773584,1.0,1.0,1.0,1.0,1.0,1.0,1.0,1.0,1.0
ATXN2,1.0,1.0,2.7856376542223,1.0,1.0,1.0,1.0,1.0,1.0,2.24073440684723,1.0
RG9MTD2,1.0,1.0,1.0,1.0,1.0,1.0,1.0,1.0,1.0,1.72099609866917,1.0
N4BP1,1.0,1.99574319165154,1.0,1.0,1.0,1.0,1.0,1.0,1.0,1.88600269018288,1.0
TNIP2,1.0,1.0,1.0,1.0,1.0,1.0,1.0,1.0,1.0,2.72282988111967,1.0
UBAP2L,1.86898212583209,1.72845155779666,2.03785512918207,2.927224285,1.0,1.0,1.0,1.0,1.0,1.0,1.0
CCNY,1.0,1.83305408921217,1.0,1.0,1.0,1.0,1.0,1.0,1.0,1.0,1.0
TAOK2,1.0,1.76100540180995,2.05151847125431,1.0,1.0,1.0,1.0,1.0,1.0,1.0,1.0
CPLX2,1.0,1.0,1.0,2.112411909,1.0,1.0,1.0,1.0,1.0,1.0,1.0
PSIP1,1.0,1.0,1.0,1.0,1.0,1.0,1.0,1.0,1.0,1.95748935653871,1.0
NCAPD2,1.0,1.0,1.67273341820093,1.0,1.0,1.0,1.0,1.0,1.0,1.0,1.0
SOGA2,1.0,1.0,1.85505887017001,1.0,1.0,1.0,1.0,1.0,1.0,2.25403158857301,1.0
CASKIN2,1.0,1.0,1.0,1.0,1.0,1.0,1.0,2.48300735473474,1.0,1.0,1.0
PKP4,1.0,1.0,1.0,1.0,1.0,1.0,1.0,1.0,1.0,1.93940933738901,1.0
EPB41L2,1.0,1.81390797566668,2.24161165138716,1.0,1.0,1.0,1.0,1.0,1.0,1.75381792159862,1.0
KBTBD11,1.0,1.0,1.0,1.0,1.0,1.0,1.0,1.0,1.0,2.04884017490057,1.0
ZC2HC1A,1.0,1.0,1.79347837624544,1.0,1.0,1.0,1.0,1.0,1.0,1.0,1.0
AFAP1L2,1.0,1.869947658857495,1.0,1.0,1.0,1.0,1.0,1.0,1.0,1.0,1.0
NFKB2,1.0,1.0,1.79808814794717,1.0,1.0,1.0,1.0,1.0,1.0,1.0,1.0
NAA10,1.0,1.0,1.0,1.0,1.0,1.0,1.0,1.0,1.0,1.7349015991334351,1.0
DBNL,1.0,1.98245871989881,1.6769079775377,2.5564856535,1.69031975496095,1.0,1.0,1.0,1.0,1.0,1.0
ATRX,1.0,2.04290035580615,2.16721021379764,1.0,1.0,1.0,1.78442772146942,1.0,1.0,1.72108386218033,1.0
WIZ,1.0,1.0,2.10143491512452,1.0,1.0,1.0,1.0,1.0,1.0,1.0,1.0
MLLT3,1.0,1.0,1.0,2.604739736,1.0,1.0,1.0,1.0,1.0,1.0,1.0
HMMR,1.0,1.0,1.7012311618034,1.0,1.0,1.0,1.0,1.0,1.0,1.0,1.0
ARHGAP21,1.0,1.0,1.0,1.0,1.0,1.0,1.0,1.0,1.0,2.00926146411659,1.0
CDKL5,2.62563076309922,1.0,1.0,1.0,1.0,1.0,1.0,1.0,1.0,1.0,1.0
STRN3,1.0,1.0,1.0,1.0,1.0,1.0,1.0,1.0,1.0,1.0,1.80654626838511
NCBP1,1.0,1.76631263183247,1.0,2.257445047,1.0,1.0,1.0,1.0,1.0,1.0,1.0
TGFB1I1,1.0,1.0,1.0,1.0,1.0,1.0,1.0,1.0,1.0,1.69986329781232,1.0
ZNF295,1.0,1.0,1.0,1.0,1.0,1.0,1.0,1.0,1.0,1.68645966976191,1.0
MED13L,1.0,2.07250497870978,1.0,1.79784305535291,1.0,1.0,1.0,1.0,1.0,1.0,1.0
USP39,1.0,1.0,1.0,1.0,1.0,1.0,1.0,1.0,1.0,1.66820470416304,1.0
MPDZ,1.0,1.99728620558365,1.0,1.0,1.0,1.0,1.0,1.0,1.0,1.0,1.0
TPD52L1,1.0,1.0,2.43702925025278,1.0,1.0,1.0,1.0,1.0,1.0,1.0,1.0
ATP2B1,1.0,1.0,1.0,1.0,1.0,1.0,1.0,1.0,1.0,3.74892394768547,1.0
IRF2BPL,1.0,1.0,1.0,2.085541751,1.0,1.0,1.0,1.0,1.0,1.785196349836645,1.0
SPN,1.0,1.0,2.60708489022904,1.0,1.0,1.0,1.0,1.0,1.0,1.0,1.0
ABCF1,1.0,1.0,1.0,1.0,1.0,1.0,1.0,1.0,1.0,2.5344721110254,1.0
PFKFB3,1.0,1.72564689495251,1.0,1.0,1.0,1.0,1.0,1.0,1.0,1.0,1.0
PCM1,1.76629410859424,1.9566469389873236,2.4026969872816,2.346974503,1.0,1.0,1.0,1.0,1.0,2.01521720128369,1.0
NUCKS1,1.0,1.0,2.29568880340537,1.0,1.0,1.0,1.0,1.0,1.0,2.1321450039296423,1.0
EPS8,1.0,1.0,1.69375663230326,1.0,1.0,1.0,1.0,1.0,1.0,1.0,1.0
SLK,1.0,1.0,1.0,1.0,2.08968219401893,1.0,1.0,1.0,1.0,3.631985915535978,1.0
PRPF4B,1.0,1.0,1.0,1.0,1.0,1.0,1.0,1.0,1.0,2.29433351311231,1.0
"CTNNA1, CTNNA2",1.0,1.0,1.0,1.0,1.0,1.0,1.0,1.0,1.0,1.88246270931126,1.0
SMG1,1.0,1.0,1.0,1.0,1.0,1.0,1.0,1.0,1.0,1.73689880904111,1.0
MIA3,1.0,1.79690178039909,1.0,1.0,1.0,1.0,1.0,1.0,1.0,1.0,1.0
ZDHHC5,1.0,1.0,2.23215042957609,1.0,1.0,1.0,1.0,1.0,1.0,1.0,1.0
ARFIP1,1.0,2.31092909753131,1.0,1.0,2.36666219752865,1.0,1.0,2.2873676837641,1.0,1.0,1.0
KIAA1143,1.0,1.0,1.72808778190167,1.0,1.0,1.0,1.0,1.0,1.0,1.0,1.0
KAT7,1.0,1.66141159559058,1.0,1.0,1.0,1.0,1.0,1.0,1.0,1.0,1.0
PFKFB2,1.0,1.0,2.43469171850935,1.0,1.0,1.0,1.0,1.0,1.0,1.0,1.0
"TUBB, TUBB2A, TUBB2B, TUBB4A, TUBB4B",1.0,1.0,1.88288730975177,1.0,1.0,1.0,1.0,1.0,1.0,1.0,1.0
NCOR1,1.0,1.0,1.0,1.0,1.0,1.0,1.0,1.0,1.0,2.3759781716541557,1.0
WBSCR22,1.0,1.0,1.86772742176926,1.0,1.0,1.0,1.0,1.0,1.0,1.0,1.0
TLE1,1.0,1.0,1.0,1.0,1.0,1.0,1.0,1.0,1.0,1.82904629477296,1.0
BACH1,1.0,1.0,1.0,1.0,1.0,1.0,1.0,1.0,1.0,1.67811453990881,1.0
SRRT,1.0,1.0,1.0,1.0,1.0,1.0,1.0,1.0,1.0,1.7313837139849,1.0
SRGAP2,1.0,1.0,1.83913564603396,1.0,1.0,1.0,1.0,1.0,1.0,1.0,1.0
HTATSF1,1.0,1.89122659621745,8.7632156202394,1.0,1.0,1.0,1.0,1.0,1.0,1.84599639864792,1.0
RAB11FIP1,1.0,1.0,1.0,1.0,1.0,1.0,1.0,1.0,1.0,3.20300150160982,1.0
GCN1L1,1.0,1.0,1.0,1.0,1.87337104635867,1.0,1.0,1.0,1.0,1.0,1.0
DNTTIP2,1.0,1.0,2.49188682227758,1.0,1.0,1.0,1.0,1.0,1.0,1.0,1.0
SRSF9,1.0,1.0,1.0,1.0,1.0,1.0,1.0,1.0,1.0,2.103743788267415,1.0
RPS26,1.0,1.0,1.0,1.0,1.0,1.0,1.0,1.0,1.0,1.85500096718966,1.0
TCEAL1,1.0,1.0,1.0,1.0,1.0,1.0,1.0,1.0,1.0,1.83319167813967,1.0
LRRC41,1.0,1.797269968398505,1.0,1.0,1.0,1.0,1.0,1.0,1.0,1.0,1.0
CDS2,1.0,1.0,2.31850285273509,1.0,1.0,1.0,1.0,1.0,1.0,2.15733912240076,1.0
PPM1G,1.0,2.18454628398475,1.0,1.0,1.0,1.0,1.0,1.0,1.0,2.56854689597072,1.0
CMIP,1.0,1.0,1.0,1.0,1.0,1.0,1.0,1.0,1.0,1.98761592521822,1.0
TTK,1.0,1.0,2.02202994237733,1.0,1.0,1.0,1.0,1.0,1.0,1.0,1.0
TRPM7,1.0,1.0,1.0,1.0,1.0,1.0,1.0,1.0,1.0,1.8483069794129,1.0
BTBD11,1.0,1.0,1.0,1.0,1.0,1.0,1.0,1.0,1.0,1.0,1.66124733258972
SMPD4,1.0,1.0,2.05074580077526,1.0,1.0,1.0,1.0,1.0,1.0,1.0,1.0
SLC39A6,1.0,1.71209587785525,1.0,1.0,1.0,1.0,1.0,1.0,1.0,1.0,1.0
SRRM1,1.0,1.0,2.54429223066555,1.0,1.0,1.0,1.68472314004025,1.0,1.0,2.463088065150312,1.0
SVIL,1.0,1.0,2.36574330216162,1.0,1.0,1.0,1.0,1.0,1.0,2.19554465009373,1.0
PTPN12,1.0,1.0,1.0,1.0,1.0,1.0,1.0,1.0,1.0,1.6767364620208,1.0
PNN,1.84814595253981,1.81940290890032,2.09386256467895,1.71947408008032,1.0,1.0,1.77950737529205,1.0,1.0,1.0,1.0
NDRG1,1.0,1.0,1.0,1.0,1.0,1.0,1.0,1.0,1.0,2.04356685808963,1.0
LSM14A,1.0,2.1878622551668654,1.0,1.0,1.0,1.0,1.0,1.0,1.0,1.0,1.0
LSR,1.0,1.0,2.2532123646702837,1.0,1.0,1.0,1.0,1.0,1.0,1.0,1.0
KIAA0754,1.0,1.88588997846316,1.0,1.0,1.0,1.0,1.0,1.0,1.0,1.0,1.0
SPP1,1.0,1.0,1.0,1.0,1.0,1.0,1.0,1.0,1.0,1.90604339225459,1.0
MAP4,1.0,1.0,1.79029639021712,1.0,1.0,1.0,1.0,1.0,1.0,1.68317143668031,1.0
CCNK,1.0,1.0,1.0,1.0,1.0,1.0,1.0,1.0,1.0,3.09455049816833,1.0
HMGA1,1.0,1.0,1.70330116716705,1.0,1.66893697065123,1.0,1.0,1.0,1.0,2.361937445074176,1.0
ZFP36L1,1.0,1.953232224785445,1.0,1.0,1.0,1.0,1.0,1.0,1.0,1.0,1.0
ZFP36,1.0,2.8123893896606,1.0,1.0,1.0,1.0,1.0,1.0,1.0,2.20877748717883,1.0
EEPD1,1.0,1.0,1.0,1.0,1.0,1.0,1.0,1.0,1.0,1.75276624307171,1.0
BAZ1B,1.0,1.0,1.81331708524184,1.0,1.0,1.0,1.0,1.0,1.0,1.66150344539981,1.0
"POM121, POM121B, POM121C",1.0,1.0,1.0,1.0,1.0,1.0,1.0,1.0,1.0,1.74881514844842,1.0
RRP1B,1.0,2.03687258387607,1.0,1.0,1.0,1.0,2.01960449965598,1.0,1.0,1.71206952318362,1.0
NUP214,1.0,1.98753962024942,2.08143994708613,2.055128315,1.0,1.0,1.0,2.05552890845336,1.0,4.06957384991162,1.0
TRIM28,1.0,1.0,1.9357511558165,1.0,1.0,1.0,1.0,1.0,1.0,1.0,1.0
JUNB,1.0,1.0,2.14063843291182,1.0,1.0,1.0,1.0,1.0,1.0,1.77395243015039,1.0
RTF1,1.0,1.0,2.27228838045499,1.0,1.0,1.0,1.0,1.0,1.0,1.0,1.0
CWC22,1.0,1.0,1.0,1.0,1.0,1.0,1.0,1.0,1.0,2.28939168230068,1.0
ARHGAP27,1.0,1.0,1.0,1.0,1.0,1.0,1.0,1.0,1.0,1.85002223606617,1.0
SLC7A11,1.0,1.75488462184157,1.0,1.0,1.0,1.0,1.0,1.0,1.0,1.0,1.0
SOS1,1.89969849894801,2.069505326246903,2.51760299126525,1.8706305623091068,1.0,1.0,1.765734402966335,1.0,1.0,1.0,1.0
PHLDB2,1.0,1.0,2.44544371014169,2.251733474,1.0,1.0,1.0,1.0,1.0,1.67578917892379,1.0
MLTK,1.0,1.0,2.13293488613374,1.0,1.0,1.0,1.0,1.0,1.0,1.73126488826696,1.0
DENND4C,1.0,1.9872133371440124,1.0,1.0,1.0,1.0,1.0,1.0,1.0,1.0,1.0
PAK4,1.0,1.0,1.0,2.16837445,1.0,1.0,1.0,1.0,1.0,1.0,1.0
SCAF1,1.0,1.0,1.0,1.0,1.0,1.0,1.0,1.0,1.0,3.43054113602519,1.0
SETD2,1.0,1.0,2.11336585927841,1.0,1.0,1.0,1.0,1.0,1.0,1.0,1.0
GPATCH2,1.0,2.24335537237055,1.0,1.0,1.0,1.0,1.0,1.0,1.0,1.0,1.0
KLC1,1.0,1.0,1.0,1.0,1.0,1.0,1.0,1.0,1.0,2.21197651109248,1.0
ILF3,1.0,1.0,1.0,1.0,1.0,1.0,1.0,1.0,1.0,2.54166821702929,1.0
MAPRE2,1.0,1.0,1.72341501933376,1.0,1.0,1.0,1.0,1.0,1.0,1.0,1.0
IQGAP3,1.0,1.0,1.69046336760019,1.0,1.0,1.0,1.0,1.0,1.0,1.0,1.0
MMGT1,1.0,1.0,3.19051250551089,1.0,1.0,1.0,2.77475983203209,1.0,1.0,1.0,1.0
"PRKD1, PRKD2, PRKD3",1.0,3.014521607896775,1.0,1.0,1.0,1.0,1.0,1.76450841223809,1.0,1.0,1.0
MAPK1,1.0,2.00189029737764,1.0,2.363409589,1.0,1.0,1.0,1.0,1.0,1.0,1.0
RRP8,1.0,1.0,3.69642277231561,1.0,1.0,1.0,1.0,1.0,1.0,1.0,1.0
PEAR1,1.0,1.0,1.0,1.0,1.0,1.0,1.0,1.0,1.0,1.82839361387592,1.0
FAM208A,1.0,1.95075931427876,1.0,1.0,1.0,1.0,1.0,1.0,1.0,1.0,1.0
NUMA1,1.0,1.0,2.86395649023544,1.0,1.0,1.0,1.0,1.0,1.0,2.01862037486816,1.0
MATR3,1.0,1.72408918168797,1.0,1.732784219281,1.0,1.0,1.0,1.0,1.0,2.418442446600523,1.0
POLR1D,1.0,1.0,1.90227123703573,1.0,1.0,1.0,1.0,1.0,1.0,1.0,1.0
TAF9,1.0,1.0,1.0,1.0,1.0,1.0,1.0,1.0,1.0,2.25160727056559,1.0
"PDE4A, PDE4B, PDE4C, PDE4D",1.0,2.7597968397197,1.0,1.0,1.0,1.0,1.9747355168857,1.0,1.0,1.0,1.0
TAOK3,1.0,1.0,2.13630116633117,1.0,1.0,1.0,1.0,1.0,1.0,1.0,1.0
GZF1,1.0,1.0,1.0,1.0,1.0,1.0,1.0,1.0,1.0,1.98225622292597,1.0
PANK1,1.0,1.0,1.0,1.0,1.0,1.0,1.0,1.0,1.0,1.81755082315975,1.0
STIM1,1.0,1.0,1.0,1.0,1.0,1.0,1.0,1.0,1.0,2.29839587582096,1.0
OSBPL11,1.0,1.96125260587572,1.0,1.0,1.0,1.0,1.0,1.0,1.0,1.0,1.0
WTAP,1.0,1.0,2.02084710018339,1.0,1.0,1.0,1.0,1.0,1.0,1.0,1.0
CIC,1.0,1.0,3.016556801961343,3.3855959568383693,1.0,2.1650491822122,1.0,2.5556290547027403,5.210858949660442,4.33823955133962,1.0
ITGB4,1.0,1.0,2.09049697377412,1.0,1.0,1.0,1.0,1.0,1.0,1.0,1.0
SPATA2,1.0,1.0,1.0,1.0,1.0,1.0,1.0,1.87952045145477,1.0,1.0,1.0
TMEM206,1.0,1.0,1.0,1.0,1.0,1.0,1.0,1.0,1.0,2.227001934651245,1.0
NCOA1,1.0,1.0,1.0,1.0,1.0,1.0,1.0,1.0,1.0,1.0,1.68034890772388
MED24,1.0,1.0,1.0,1.0,1.0,1.0,1.71380525040739,1.0,1.0,1.0,1.0
"HSPA1A, HSPA1L",1.0,1.0,1.0,1.0,1.0,1.0,1.0,1.0,1.0,1.95181266197075,1.0
PRR11,1.0,1.70390378204622,1.0,1.0,1.0,1.0,1.0,1.0,1.0,1.0,1.0
TRAM2,1.0,1.0,1.71733168189071,1.0,1.0,1.0,1.0,1.0,1.0,1.0,1.0
LARP7,1.0,1.0,1.0,1.0,1.0,1.0,1.0,1.0,1.0,1.98827531038688,1.0
ENSA,1.0,1.0,1.0,1.0,1.0,1.0,1.0,1.0,1.0,2.73381226803824,1.0
SRSF3,1.0,1.0,1.0,1.0,1.0,1.0,1.0,1.0,1.0,2.5296010668436,1.0
LEO1,1.0,1.0,1.0,1.0,1.0,1.0,1.0,1.0,1.0,2.35984319030205,1.0
HAUS6,1.0,1.0,1.73606353188683,1.0,1.0,1.0,1.0,1.0,1.0,1.0,1.0
MAP4K4,2.06438025366029,1.0,1.94729699096582,1.0,2.72537573825067,1.0,1.0,1.0,1.0,3.60743885755975,1.0
NCOA3,1.0,1.0,2.00561378209522,1.0,1.0,1.0,1.0,1.0,1.0,1.8643417939156963,1.0
FNIP1,1.0,1.0,1.0,1.0,1.0,1.0,1.0,1.0,1.0,1.73029821681843,1.0
PLCH1,1.0,1.0,1.0,1.0,1.0,1.0,1.0,1.0,1.0,1.0,1.0
LRCH3,1.0,1.0,2.156765856773,1.0,1.0,1.0,1.0,1.0,1.0,1.0,1.0
CCDC137,1.0,1.0,1.0,2.237489698,1.0,1.0,1.0,1.0,1.0,1.0,1.0
RASSF2,1.0,1.0,1.0,1.0,2.091426707569015,1.0,1.0,1.0,1.0,1.0,1.0
"RPS27, RPS27L",1.0,1.0,2.773655242548295,1.0,1.0,1.0,1.0,1.0,1.0,1.0,1.0
C9orf78,1.0,1.0,1.0,1.0,1.0,1.0,1.0,1.0,1.0,2.572549430266765,1.0
CHD1,1.73442347305791,1.0,1.0,1.0,1.0,1.0,1.0,1.0,1.0,1.0,1.0
FIP1L1,1.0,1.73584237636919,1.0,1.0,1.0,1.0,1.0,1.0,1.0,1.73167637378619,1.0
VCPIP1,1.0,1.0,1.0,1.0,1.0,1.0,1.0,1.0,1.0,2.99852993011158,1.0
PHC3,1.0,1.0,1.0,1.0,1.0,1.0,1.0,1.0,1.0,1.67351064596113,1.0
IFT43,1.0,1.76621260423313,1.0,1.0,1.0,1.0,1.0,1.0,1.0,1.0,1.0
"POLH, RPS6",1.0,12.3505971616713,2.242313920755035,1.0,1.90324445196542,1.0,3.01176508177488,1.0,1.0,1.0,1.0
PSMD2,1.0,1.0,1.0,1.0,1.0,1.0,1.0,1.0,1.0,1.66810200806356,1.0
SSFA2,1.0,1.0,3.322970068380045,1.0,1.0,1.0,1.0,1.0,1.0,1.0,1.0
ENO1,1.0,1.0,1.0,1.0,1.0,1.0,1.0,1.0,1.0,1.841510008941305,1.0
MAP7D2,1.0,1.0,1.0,1.0,1.0,1.0,1.0,1.0,1.0,1.89372892322133,1.0
MZT2B,1.0,1.0,1.0,1.0,1.0,1.0,1.0,1.0,1.0,2.25860243768294,1.0
BEND3,1.0,1.0,1.0,1.0,1.0,1.0,1.0,1.0,1.0,2.05382048202996,1.0
THRAP3,1.0,1.82333125097557,2.15067565663413,1.0,1.0,1.0,1.0,1.0,1.0,2.3443093632165986,1.0
"PCYT1A, PCYT1B",1.0,1.0,1.96634751412994,1.0,1.0,1.0,1.0,1.0,1.0,1.0,1.0
PITPNM1,1.0,1.0,2.114210288781506,1.0,1.0,1.0,1.0,1.0,1.0,1.0,1.0
ADD1,1.0,1.0,1.0,1.0,1.0,1.0,1.0,1.0,1.0,1.96634873952613,1.0
SMARCC2,1.0,1.0,1.0,1.0,1.0,1.0,1.0,1.0,1.0,2.2214067720804134,1.0
HOMER3,1.0,1.79848367548445,1.0,1.0,1.0,1.0,1.0,1.0,1.0,1.0,1.0
USP24,1.0,2.15980886281777,1.0,1.0,1.0,1.0,1.0,1.0,1.0,1.0,1.0
BTF3,1.0,1.0,1.92890433720522,1.0,1.0,1.0,1.0,1.0,1.0,1.0,1.0
MAPK14,1.0,1.0,1.0,1.0,1.0,1.0,1.0,1.0,1.0,3.58462436237006,1.0
SYNE1,1.0,1.0,1.0,1.0,1.79037841481102,1.0,1.0,1.0,1.0,1.0,1.0
EEF2K,1.0,1.0,1.0,1.0,1.0,1.0,1.0,1.0,1.0,2.29639043217146,1.0
CD2AP,1.97060921244414,2.183852863930745,1.0,1.0,1.0,1.0,1.987077482681685,1.0,1.0,1.0,1.0
SAMD15,1.0,1.0,1.0,1.0,1.0,1.0,1.0,1.0,1.0,1.0,1.8462025224876
MKI67,1.0,1.0,1.9250113865554008,1.0,1.84603701407806,1.0,1.0,1.0,1.0,1.0,1.0
IRF2BP1,1.0,1.0,1.0,1.0,1.0,1.0,1.0,1.0,1.0,2.0651362485801448,1.0
CHD9,1.0,1.0,2.3981990476036747,1.0,1.0,1.0,1.0,1.0,1.0,1.0,1.0
CAMK2G,1.0,1.0,2.35642663433704,1.0,1.0,1.0,1.0,1.0,1.0,1.0,1.0
TCP1,1.0,1.0,1.0,1.0,1.0,1.0,1.0,1.0,1.0,1.73224965600967,1.0
RRBP1,1.0,1.0,1.8833805565828532,1.0,1.0,1.0,1.0,1.0,1.0,1.0,1.0
MLL2,1.0,1.0,1.0,1.0,1.0,1.0,1.0,1.0,1.0,1.791059876386675,1.0
U2SURP,1.0,1.0,2.15475359607609,1.0,1.0,1.0,1.0,1.0,1.0,1.0,1.0
RPL19,1.0,2.79511737066053,1.0,1.0,1.0,1.0,1.0,1.0,1.0,1.0,1.0
CCDC120,1.0,1.0,2.33493776632761,1.0,1.0,1.0,1.0,1.0,1.0,1.0,1.0
EBF2,1.0,1.0,25.5649326401477,1.0,1.0,1.0,1.0,1.0,1.0,1.0,1.0
ARHGEF10,1.0,2.05397721775629,1.0,1.0,1.0,1.0,1.0,1.0,1.0,1.0,1.0
ENAH,1.0,1.0,1.0,1.0,2.01564539540128,1.0,1.0,1.0,1.0,1.0,1.0
IRS2,1.0,1.78954783227524,1.0,2.118847158,1.0,1.0,1.90191429429087,1.0,1.0,1.814218099823813,1.0
DOCK8,1.0,1.0,2.05063771368357,1.0,1.0,1.0,1.0,1.0,1.0,1.0,1.0
"CDK11A, CDK11B",1.0,1.0,2.167464402074865,1.0,1.0,1.0,1.0,1.0,1.0,1.78392544630353,1.0
SRPK1,1.0,1.0,1.0,1.0,1.0,1.0,1.0,1.0,1.0,1.7602232772932,1.0
HIRIP3,1.0,1.0,1.0,1.0,1.0,1.0,1.0,1.0,1.0,2.00284546249143,1.0
RTN4,1.0,1.0,2.18035397259605,1.0,1.0,1.0,1.0,1.0,1.0,1.6912467799021,1.0
C10orf54,2.07677253715604,2.8345883836491,1.0,1.0,1.0,1.0,1.0,1.0,1.0,1.0,1.0
SPECC1,1.0,2.02152160987326,1.0,1.0,1.0,1.0,1.0,1.0,1.0,1.0,1.0
MICALL2,1.0,1.0,1.0,1.0,1.0,1.0,1.0,1.0,1.0,1.90023919927929,1.0
NF1,1.0,2.3043114234324302,1.0,2.02144630561578,1.0,1.0,1.0,1.91751941450025,1.0,1.0,1.0
CNKSR1,1.0,1.0,3.266099606032924,1.0,1.0,1.0,1.0,1.0,1.0,1.0,1.0
DYNC1LI2,1.0,1.0,1.0,1.0,1.0,1.0,1.0,1.0,1.0,2.672713382930065,1.0
RFC1,1.0,1.0,1.0,1.0,1.0,1.0,1.0,1.0,1.0,1.7533345066644,1.0
AFAP1,1.0,2.021495037422565,1.89135031076392,1.0,1.0,1.0,1.0,1.0,1.0,1.74153296910474,1.0
STAT1,1.0,1.0,1.0,1.0,1.0,1.0,1.0,1.0,1.0,2.88847017930819,1.0
EPS8L2,1.0,2.14193709738095,1.0,1.0,1.0,1.0,1.0,1.0,1.0,1.0,1.0
TMSB4X,1.0,1.696036507854175,1.0,1.0,1.0,1.0,1.0,1.0,1.0,1.0,1.0
PRPF40B,1.0,1.0,1.0,1.0,1.0,1.0,1.0,1.0,1.0,1.71037130118949,1.0
LUZP1,1.0,1.0,1.0,1.0,1.0,1.0,1.0,1.0,1.0,1.92814400973532,1.0
PDS5B,1.79793248879745,1.0,1.0,1.0,1.0,1.0,2.51925457059103,1.0,1.0,1.0,1.0
TRERF1,1.0,1.0,2.700233469016915,1.0,1.0,1.0,1.0,1.0,1.0,1.80000415089281,1.0
ZC3HAV1,1.0,1.0,1.0,1.0,1.0,1.0,1.0,1.0,1.0,2.03462482653883,1.0
FOSL2,1.0,1.0,2.58365245028159,1.0,1.0,1.0,1.0,1.0,1.0,1.76295449836539,1.0
"ADD1, ADD2, ADD3",1.0,1.0,1.74729843890539,1.0,1.0,1.0,1.0,1.0,1.0,1.0,1.0
SF3B2,1.0,1.0,1.0,1.0,1.0,1.0,1.0,1.0,1.0,3.4483303733433,1.0
UBAP1,1.0,1.98097681969857,1.0,1.0,1.0,1.0,1.0,1.0,1.0,1.0,1.0
SERBP1,1.0,1.0,1.94486839636772,1.0,1.0,1.0,1.0,1.0,1.0,1.0,1.0
PKN2,1.0,1.0,1.0,1.0,1.0,1.0,1.0,1.0,1.0,1.68242314046664,1.0
TMEM230,1.0,1.77892984494348,1.0,1.0,1.0,1.0,1.0,1.0,1.0,1.0,1.0
DNMT1,1.0,1.73056491918407,1.0,1.0,1.0,1.0,1.0,1.0,1.0,1.0,1.0
FRK,1.0,1.0,2.186190480342687,1.0,1.0,1.0,1.0,1.0,1.0,1.0,1.0
"HDAC4, HDAC5, HDAC9",1.0,1.0,1.0,1.83840026497544,1.0,1.0,1.0,1.0,1.0,1.0,1.0
SFPQ,1.0,1.0,3.72840642690033,1.0,1.0,1.0,1.0,1.0,1.0,1.0,1.0
POC5,1.0,1.0,1.0,1.0,1.0,1.0,1.0,1.0,1.0,1.98613343793474,1.0
ZRANB2,1.0,1.0,1.0,1.0,1.85939060027189,1.0,1.0,1.0,1.0,2.699859051274995,1.0
TOP2A,1.0,1.0,1.0,1.0,1.0,1.0,1.0,1.0,1.0,2.09876619657395,1.0
MEF2A,1.0,1.0,2.57030883320422,1.0,1.0,1.0,1.0,1.0,1.0,1.71992324494528,1.0
TRIM9,1.0,1.0,1.0,1.0,1.0,1.0,1.0,1.0,1.0,1.67363179117197,1.0
PARD3,1.0,1.0,1.0,1.0,1.0,1.0,1.0,1.0,1.0,1.8272562833729848,1.0
PNISR,1.0,1.0,1.0,1.0,1.0,1.0,1.0,1.0,1.0,2.50508555684858,1.0
SLMAP,1.0,1.7446331920754,1.0,1.0,1.0,1.0,1.0,1.0,1.0,1.0,1.0
TWISTNB,1.0,1.0,2.06497564434379,1.0,1.0,1.0,1.0,1.0,1.0,1.0,1.0
C2orf68,1.0,1.0,1.0,1.0,1.0,1.0,1.0,1.0,1.0,2.53488783190394,1.0
OSBPL8,1.77779260651737,1.0,1.0,1.0,1.0,1.0,1.0,1.0,1.0,1.0,1.0
CTPS1,1.0,1.0,1.0,1.0,1.0,1.0,1.0,1.0,1.0,2.2617202713068925,1.0
NOP58,1.0,1.0,1.0,1.0,1.0,1.0,1.0,1.0,1.0,2.01674220260474,1.0
KHSRP,1.0,1.0,1.0,1.0,1.0,1.0,1.0,1.0,1.0,1.78731735883914,1.0
MYH9,1.0,1.0,1.0,1.0,1.0,1.0,1.0,1.0,1.0,2.6835339819641137,1.0
RSL1D1,1.0,1.0,1.7213111834896668,1.0,1.0,1.0,1.0,1.0,1.0,1.0,1.0
PRRC2A,1.0,1.0,2.35706908938734,1.87565299268555,1.0,1.0,1.0,1.0,1.0,1.0,1.0
PI4KB,1.0,1.0,2.08396443613376,1.0,1.0,1.0,1.0,1.0,1.0,1.0,1.0
TOR1AIP1,1.0,1.0,1.67991696476191,1.0,1.0,1.0,1.0,1.0,1.0,1.0,1.0
"FYN, LCK, SRC, YES1",1.0,1.0,2.0824903271082,1.0,1.0,1.0,1.0,1.0,1.0,1.0,1.0
LIN9,1.0,1.947535774479545,1.0,1.0,1.0,1.0,1.0,1.0,1.0,1.0,1.0
ARHGAP12,1.0,1.0,1.0,1.0,1.0,1.0,1.0,1.0,1.0,2.68860354690162,1.0
HIST1H1D,1.0,1.0,1.0,1.0,1.66066028594927,1.0,1.0,1.0,1.0,1.0,1.0
MLF1,1.0,1.87954377539511,1.0,1.0,1.0,1.0,1.0,1.0,1.0,1.89562873577474,1.0
KIF22,1.0,1.0,2.3309715372944,1.0,1.0,1.0,1.0,1.0,1.0,1.0,1.0
ZNF609,1.0,1.0,2.92512646415943,1.0,1.0,1.0,1.0,1.0,1.0,1.0,1.0
DYNC1LI1,1.0,1.0,1.88429906037416,1.0,1.0,1.0,1.0,1.0,1.0,1.0,1.0
MORC2,1.0,1.0,2.176817107836725,1.0,1.0,1.0,1.0,1.0,1.0,1.0,1.0
ESCO2,1.0,1.0,2.90445254324354,1.0,1.0,1.0,1.0,1.0,1.0,1.0,1.0
SEPT7,1.0,1.0,1.0,2.04415610347653,1.0,1.0,1.0,1.0,2.04415610347653,1.0,1.0
ZFHX3,1.0,1.0,1.0,1.0,1.0,1.0,1.0,1.0,1.0,1.66298315045327,1.0
CALCOCO2,1.0,1.0,1.0,2.924407379,1.0,1.0,1.0,1.0,1.0,1.0,1.0
MIER1,1.0,1.0,3.22877423472436,1.0,1.0,1.0,1.0,1.0,1.0,1.0,1.0
TRA2A,1.0,1.0,1.0,1.0,1.0,1.0,1.0,1.0,1.0,2.4219849775977,1.0
ZC3H14,1.0,1.77420618184352,1.0,1.0,1.0,1.0,1.0,1.0,1.0,1.0,1.0
TUT1,1.0,1.817972259417505,1.0,1.0,1.0,1.0,1.0,1.0,1.0,1.0,1.0
CEP170,1.0,1.0,1.7362723890239833,2.3539805495,1.0,1.0,1.0,1.0,1.0,2.03524494593112,1.0
"ZBTB41, ZNF281, ZNF439, ZNF572, ZNF69, ZNF845, ZNF846, ZSCAN5B",1.0,1.0,1.96044602459042,1.0,1.0,1.0,1.0,1.0,1.0,1.0,1.0
RRP1,1.0,1.0,1.96838985084938,1.0,1.0,1.0,1.0,1.0,1.0,1.0,1.0
ATAD5,1.0,1.76319209916797,1.0,1.0,1.0,1.0,1.0,1.0,1.0,1.0,1.0
CDC42BPB,1.0,1.69652506853111,1.0,1.0,1.0,1.0,1.0,1.0,1.0,1.0,1.0
TJP1,1.0,1.0,2.410174773761005,1.0,1.0,2.18415940792133,1.0,1.0,1.0,2.18337874562895,1.0
MARCKS,1.0,1.6995577251795,1.773617665322066,1.0,1.0,1.0,1.0,1.0,1.0,1.75489506563237,1.0
KIAA1468,1.0,1.0,1.0,1.90194542184635,1.0,1.0,1.0,1.0,1.0,2.09460077501918,1.0
UBE2E2,1.0,1.0,1.0,1.0,1.0,1.0,1.0,1.0,1.0,1.80727212800876,1.0
NOP56,1.0,1.0,1.0,1.0,1.0,1.0,1.7006501778096,1.0,1.0,2.07883035625479,1.0
SLC16A1,1.0,1.67994277062998,1.0,1.0,1.0,1.0,1.0,1.0,1.0,1.0,1.71223622391446
MORC3,1.0,2.29086721189778,2.0295581374954,1.0,1.0,1.0,1.0,1.0,1.0,1.0,1.0
RASAL2,1.0,1.0,2.14725533847464,1.0,1.0,1.0,1.0,1.0,1.0,1.0,1.0
C17orf75,1.0,1.0,1.0,1.0,1.0,1.0,1.0,1.0,1.0,1.69878310796286,1.70806827376324
CDK11B,1.0,1.0,1.0,1.0,1.0,1.0,1.0,1.0,1.0,1.77896206839878,1.0
GIGYF1,1.0,2.02078084643664,1.0,1.0,1.0,1.0,1.0,1.0,1.0,1.78379812492711,1.0
ZC3H4,1.0,1.0,1.80748799852861,1.0,1.0,1.0,1.0,1.0,1.0,1.0,1.0
ANKRD11,1.0,1.93825354903522,1.0,1.0,1.0,1.0,1.0,1.0,1.0,1.0,1.0
SLC4A7,1.0,1.0,1.91862348307312,1.0,1.0,1.0,1.0,1.0,1.0,1.0,1.0
"KLF6, ZNF14, ZNF143, ZNF160, ZNF180, ZNF329, ZNF432, ZNF434, ZNF513, ZNF554, ZNF572, ZNF577, ZNF606, ZNF672, ZNF79",1.0,1.0,1.70860421796331,1.0,1.0,1.0,1.0,1.0,1.0,1.0,1.0
RANBP2,1.0,1.0,2.44750425123479,1.0,1.0,1.0,1.0,1.0,1.0,3.37760104253311,1.0
FUNDC2,1.0,1.90023069765158,1.0,1.79418266399876,1.0,1.0,1.0,1.0,1.0,1.0,1.0
CBL,1.0,2.0621865748088,1.0,1.0,1.0,1.0,1.0,1.0,1.0,1.0,1.0
PLCB4,1.0,2.00682938552644,1.0,1.0,1.0,1.0,1.0,1.79536143285064,1.0,1.0,1.0
SCML2,1.0,1.0,3.12818515050587,1.0,1.0,1.0,1.0,1.0,1.0,1.0,1.0
SPTBN1,1.0,1.0,2.72008602472461,2.7638995474285712,1.0,1.0,1.0,1.0,2.65189880860424,2.999775208689202,1.0
HAT1,1.0,1.0,4.62560110684706,1.0,1.0,1.0,1.0,1.0,1.0,1.0,1.0
APC,1.0,1.0,1.0,1.0,1.0,1.0,1.0,1.0,1.0,1.9583951921448168,1.0
TRIP10,1.0,1.0,1.0,1.0,1.0,1.0,1.0,1.0,1.0,2.12106038763095,1.0
RSRC2,1.0,1.0,1.0,1.0,1.0,1.0,1.0,1.0,1.0,1.94023336202554,1.0
"AJAP1, CDK11A, CDK11B",1.0,1.0,1.0,1.0,1.0,1.0,1.0,1.0,1.0,1.8953680908277,1.0
NIPBL,1.0,1.93170586174246,1.0,1.0,1.0,1.0,1.0,1.0,1.0,1.0,1.0
BRD7,1.0,1.0,1.0,1.0,1.0,1.0,1.0,1.0,1.0,2.36535025501308,1.0
AIM1,1.0,1.0,3.26578477229766,1.0,1.0,1.0,1.0,1.0,1.0,1.0,1.0
C22orf15,1.0,1.0,1.0,1.0,1.0,1.0,1.0,1.0,1.0,1.81916477017146,1.0
FAM129B,1.0,1.0,2.8387947029206,1.0,1.0,1.0,1.0,1.0,1.0,1.0,1.0
"RBBP6, SRSF3",1.0,1.0,1.0,1.0,1.0,1.0,1.0,1.0,1.0,2.08917575424605,1.0
STX8,1.0,1.0,1.0,1.0,1.0,1.0,1.0,1.0,1.0,1.7017383473974,1.0
"POM121, POM121C, POMZP3",1.0,1.0,1.68368121715364,1.0,1.0,1.0,1.0,1.0,1.0,1.0,1.0
EIF5B,1.0,1.0,1.71156307839009,1.0,1.0,1.0,1.0,1.0,1.0,1.0,1.0
EEF1B2,1.0,1.0,1.0,1.0,1.0,1.0,1.0,1.0,1.0,1.68937869690866,1.0
RB1CC1,1.0,1.0,1.0,2.200615712,1.0,1.0,1.0,1.0,1.0,1.0,1.0
RPS6KA3,1.74137588342998,2.76002744558184,1.0,1.0,1.0,1.0,1.0,1.0,1.0,1.0,1.0
KIAA0284,1.0,1.0,1.0,1.0,1.0,1.0,1.0,1.0,1.0,2.382621847201923,1.0
DDX23,1.0,1.0,1.0,1.0,1.0,1.0,1.0,1.0,1.0,2.03854828041996,1.0
RNPS1,1.0,1.0,1.0,1.0,1.0,1.0,1.0,1.0,1.0,1.86501531116128,1.0
"CAMK2A, CAMK2D",1.0,1.0,1.86107246841493,1.0,1.0,1.0,1.0,1.0,1.0,1.0,1.0
"FAM21A, FAM21B",1.0,1.86682196132476,1.0,1.0,1.0,1.0,1.0,1.0,1.0,1.0,1.0
COL4A3BP,1.0,1.0,1.0,1.0,1.0,1.0,1.0,1.0,1.0,2.45381271039312,1.0
DDX24,1.0,1.0,1.0,1.0,1.0,1.0,1.0,1.0,1.0,1.8483266142903767,1.0
RAD23A,1.0,1.0,1.0,1.0,1.0,1.0,1.0,1.0,1.0,1.69095527087736,1.0
ACAP3,1.0,1.0,2.29517433860816,1.0,1.0,1.0,1.0,1.0,1.0,1.0,1.0
MYBBP1A,1.0,1.0,1.7733319108339625,2.21436131257753,1.0,1.0,1.0,1.0,2.21436131257753,1.0,1.0
SRRM2,1.0,1.0,2.84619881144405,1.0,1.82174852616703,1.0,2.02433747097872,1.0,1.0,2.554662858100095,1.0
NCOR2,1.0,1.0,1.0,1.0,1.0,1.0,1.0,1.0,1.0,1.998271224161526,1.0
SET,1.0,1.0,2.392065384229735,1.0,1.0,1.0,1.0,1.0,1.0,1.0,1.0
FAM195A,1.0,1.0,1.0,1.0,1.0,1.0,1.0,1.0,1.0,1.94789777814572,1.0
ZFYVE16,1.0,1.94390117437824,1.0,1.0,1.0,1.0,1.0,1.0,1.0,1.0,1.0
PHC1,1.0,2.3782355303843747,1.0,1.0,1.0,1.0,1.0,1.0,1.0,1.0,1.0
ARHGAP1,1.0,1.70454373539072,1.0,1.0,1.0,1.0,1.0,1.0,1.0,1.0,1.0
CEP55,1.0,1.87276786678478,1.0,1.0,1.0,1.0,1.0,1.0,1.0,1.0,1.0
"MAP4K4, MINK1, TNIK",1.0,1.0,1.0,1.0,1.82611800078004,1.0,1.0,1.0,1.0,1.90353108235244,1.0
RPS6,2.48039020432936,2.15173108637854,2.32770885494723,2.72434714928653,1.0,2.13692415829666,1.0,1.0,1.0,1.0,1.0
ZNF185,1.0,1.0,6.10950324443186,1.0,1.0,1.0,1.0,1.0,1.0,1.68399600404868,1.0
CELF1,1.0,1.0,2.57330682187976,1.0,1.0,1.0,1.0,1.0,1.0,1.0,1.0
TOM1L2,1.0,1.0,1.0,1.0,1.0,1.0,1.0,1.0,1.0,6.543328988912361,1.0
HNRNPUL2,1.0,1.0,1.0,1.0,1.0,1.0,1.0,1.0,1.0,1.8208420489349524,1.0
YTHDC1,1.0,1.0,1.0,1.0,1.0,1.0,1.0,1.0,1.0,2.95401943740736,1.0
SHROOM3,1.0,1.0,2.477800064150775,1.0,1.0,1.0,1.0,1.0,1.0,1.84634649838888,1.0
YLPM1,1.0,1.0,1.0,1.0,1.0,1.79347620224632,1.0,1.0,1.0,1.0,1.0
PLD1,1.0,1.0,1.0,1.0,1.0,1.0,1.0,1.0,1.0,1.979653646547,1.0
TANK,1.0,1.0,1.0,1.0,1.0,1.0,1.0,1.0,1.0,5.23445247422187,1.0
MEF2D,1.0,1.0,1.0,1.0,1.0,1.0,1.0,1.0,1.0,2.39356356456946,1.0
RERE,1.0,1.0,1.0,1.0,1.0,1.0,1.0,1.0,1.0,2.12938245217907,1.0
EDC4,1.0,1.0,2.18931286749315,1.0,1.0,1.0,1.0,1.0,1.0,1.0,1.0
TPPP,1.0,1.0,1.0,1.0,1.0,1.0,1.0,1.0,2.06400386213773,1.79091387504314,1.0
CCDC9,1.0,1.0,1.0,1.0,1.0,1.0,1.0,1.0,1.0,1.86096427209058,1.0
LIMK1,1.0,1.0,1.96359474153068,1.0,1.0,1.0,1.0,1.0,1.0,1.0,1.0
FAM83G,1.0,1.0,1.0,1.0,1.0,1.0,1.0,1.0,1.0,2.26468466096069,1.0
EXOC4,1.0,2.09828549041325,1.0,1.746719736942817,1.0,1.0,1.0,1.0,1.0,1.0,1.0
FBXO38,1.0,1.80955334679308,1.0,1.0,1.0,1.0,1.0,1.0,1.0,1.0,1.0
SFSWAP,1.0,1.0,3.83613977888568,1.0,1.0,1.0,1.0,1.0,1.0,1.81954394211389,1.0
MYH10,1.0,1.0,1.0,1.0,1.0,1.0,1.0,1.0,1.0,1.88885002017064,1.0
TMUB1,1.0,1.0,1.67372680122663,1.0,1.71345885376783,1.0,1.0,1.0,1.0,1.0,1.0
BCL3,1.0,1.0,1.0,1.0,1.0,1.0,1.0,1.0,1.0,2.506181736655865,1.0
PAK2,1.0,1.0,2.12783319259383,1.0,1.0,1.0,1.0,1.0,1.0,1.0,1.0
PEBP1,1.0,1.0,1.0,1.0,1.0,1.0,1.0,1.0,1.0,1.67499806909439,1.0
VPS18,1.0,1.0,1.0,1.0,1.0,1.0,1.0,1.0,1.0,1.0,1.87632289023333
SRSF1,1.0,1.0,1.0,1.0,1.0,1.0,1.91454303811524,1.0,1.0,2.09109350659262,1.0
EGFR,1.0,1.0,1.0,1.0,1.0,2.400243012953,1.0,1.0,1.0,1.0,1.0
SUPT6H,1.0,1.0,2.67189595581356,1.0,1.0,1.0,1.0,1.0,1.0,1.0,1.0
DDI2,1.0,2.1782816112118,1.0,1.0,1.0,1.0,1.0,1.0,1.0,1.0,1.0
SLU7,1.0,1.0,2.60173037246336,1.0,1.0,1.0,1.0,1.0,1.0,1.0,1.0
SRGAP1,1.0,1.0,2.24541956785726,1.0,1.0,1.0,1.0,1.0,1.0,1.0,1.0
VCL,1.0,1.0,1.0,1.0,1.0,1.0,1.0,1.0,1.0,1.667601338929005,1.0
KRT18,1.0,1.0,1.0,1.0,1.0,1.0,1.0,1.0,1.0,1.80855086062804,1.0
PARF,1.0,1.0,1.0,1.0,1.0,1.0,1.0,1.0,1.0,1.89086756197994,1.0
LYSMD2,1.0,1.0,1.0,1.0,1.0,1.0,1.0,1.0,1.0,2.28986363773716,1.0
BAG2,1.0,2.16345593756442,1.0,1.0,1.0,1.0,1.0,1.0,1.0,1.0,1.0
ARHGAP35,1.0,1.8784779087608725,1.0,2.782532371,1.0,1.0,1.0,1.0,1.0,1.0,1.0
DHX36,1.0,1.67240813789565,1.0,1.0,1.0,1.0,1.0,1.0,1.0,1.0,1.0
EIF4G1,2.7953773499759924,2.565058775685194,1.85643093042026,2.1225302017965,2.079124265149023,1.0,3.0813741948956666,1.0,1.0,1.79922694820756,1.0
RAP1GAP,1.0,1.0,1.0,1.0,1.0,1.0,1.0,1.0,1.0,1.86029430059967,1.0
SMARCAD1,1.0,1.70020124048638,1.0,1.0,1.0,1.0,1.0,1.0,1.0,1.0,1.0
BOD1L1,2.19072302619777,2.55883295859351,1.0,1.0,1.0,1.0,1.70175568706465,1.0,1.0,1.884897829236385,1.0
GATAD2B,1.0,1.0,1.0,1.0,1.0,1.0,1.0,1.0,1.0,2.310179573203095,1.0
ANP32B,1.0,1.0,1.0,1.0,1.0,1.0,1.0,1.0,1.0,1.85939736560679,1.0
BCL9L,2.1128264077987,3.40236875751057,1.0,1.0,1.0,1.0,1.8220791877325548,1.0,1.0,2.82339554606604,1.0
PIK3R4,1.0,1.0,2.14333433572761,1.0,1.0,1.0,1.0,1.0,1.0,1.0,1.0
INA,1.0,1.0,1.0,1.0,1.0,1.0,1.0,1.0,1.0,1.72527419268597,1.0
ATP5B,1.0,1.0,1.0,3.960293623,1.0,1.0,1.0,1.0,1.0,1.0,1.0
ATP1A1,1.0,1.0,1.790408855212,1.0,1.0,1.0,1.0,1.0,1.0,1.0,1.0
SLC9A1,1.0,1.71275542778091,1.0,2.55828679,1.0,1.0,1.0,1.0,1.0,1.0,1.0
ARFGAP1,1.0,1.0,1.71159785600221,1.0,1.0,1.0,1.0,1.0,1.0,1.0,1.0
RANBP1,1.0,1.0,3.3517789317682,1.0,1.0,1.0,1.0,1.0,1.0,1.0,1.0
DDX17,1.0,1.7034583844636,1.0,1.0,1.0,1.0,1.0,1.0,1.0,1.0,1.0
TCEAL3,1.0,1.0,1.0,1.0,1.0,1.0,1.0,1.0,1.0,1.90590778003194,1.0
FAM83D,1.0,1.0,1.0,1.0,1.0,1.0,1.0,1.0,1.0,2.59666799008875,1.0
NOC2L,1.0,1.0,1.0,1.0,1.0,1.0,1.0,1.0,1.0,1.81092889062629,1.0
KIAA0319L,1.0,1.98165160584343,1.0,1.0,1.0,1.0,1.0,1.0,1.0,1.0,1.0
PML,1.0,1.0,1.0,1.0,1.0,1.0,1.0,1.0,1.0,1.81472285702979,1.0
GCLC,1.0,1.0,1.0,1.68400278623976,1.0,1.0,1.0,1.0,1.0,1.0,1.0
DPYSL3,1.0,1.0,1.0,1.0,1.0,1.0,1.0,1.0,1.0,1.69802495775878,1.0
HSPA5,1.0,1.0,1.0,1.0,1.0,1.0,1.0,1.0,1.0,2.48683408774483,1.0
FKBP5,1.0,1.0,1.0,1.0,1.0,1.0,1.0,1.0,1.0,2.82885161226406,1.0
UBE2O,1.0,1.71960465690586,1.0,1.0,1.0,1.0,1.0,1.0,1.0,1.0,1.0
BDP1,1.0,1.82104405875344,1.0,1.0,1.0,1.0,1.0,1.0,1.0,1.0,1.0
AHNAK,1.7824935417897,2.1713850676835427,3.4182305460551605,2.3492090316,1.727433874889535,1.0,1.6885752754678,2.13936009305831,2.01030423622501,3.062331940353658,1.0
MYCBP2,1.0,1.0,2.64296735126715,1.0,1.0,1.0,1.0,1.0,1.0,1.0,1.0
SCRIB,1.0,1.96560816522686,1.0,2.092490925,1.0,1.0,1.0,1.0,1.0,1.0,1.0
PTPN13,1.0,1.0,2.92330771747511,1.0,1.0,1.0,1.0,1.0,1.0,1.0,1.0
RHBDF2,1.0,1.0,2.53046001086632,1.0,1.0,1.0,1.0,1.0,1.0,1.0,1.0
TMF1,1.0,1.0,1.0,2.193198727,1.0,1.0,1.0,1.0,1.0,1.0,1.0
BNIP3,1.0,1.0,1.0,1.0,1.0,1.0,1.0,1.0,1.0,1.78028637159257,1.0
SCD,1.0,1.0,1.66462623451469,1.0,1.0,1.0,1.0,1.0,1.0,1.0,1.0
CDK12,1.0,1.0,1.0,1.0,1.0,1.0,1.0,1.0,1.0,3.721575267060578,1.0
TSC2,1.73592234137543,1.0,1.0,1.0,1.0,1.0,1.75742471409733,1.0,1.0,2.27063092377978,1.0
CD97,1.0,1.89152119853471,1.0,1.0,1.0,1.0,1.0,1.0,1.0,1.0,1.0
WDR44,1.0,1.0,1.72278069974386,1.0,1.0,1.0,1.0,1.0,1.0,1.0,1.0
ATE1,1.0,1.0,1.0,1.0,1.0,1.0,1.0,1.0,1.0,2.24430047632797,1.0
AKT1S1,2.377757084179385,2.0658206942679063,2.47260771219133,3.232354617,1.0,1.0,2.79538734154565,1.0,2.35919119020897,2.03138005857873,1.0
ASAP1,1.0,1.0,2.46771902465316,1.0,1.0,1.0,1.0,1.0,1.0,1.85319595015214,1.0
MTMR6,1.0,2.44837385863069,1.0,1.0,1.0,1.0,1.0,1.0,1.0,1.0,1.0
AZI1,1.0,1.0,1.0,2.046321675,1.0,1.0,1.0,1.0,1.0,1.67314142135895,1.0
PLCB3,1.0,3.73412437584254,1.0,1.0,1.0,1.0,1.0,3.71508227434221,1.0,1.0,1.0
HSPB1,1.0,2.239021547217555,1.0,1.0,1.0,1.0,1.0,1.0,1.0,2.31064861296495,1.0
DYNC1I2,1.0,1.0,1.0,2.23886257093295,1.0,1.0,1.0,1.0,1.0,1.0,1.0
KDM3B,1.0,1.842714653188015,1.0,2.7485094695,1.0,1.0,1.0,1.0,1.0,1.73031502016988,1.0
PER1,1.0,1.0,2.13751945614032,1.0,1.0,1.0,1.0,1.0,1.0,1.0,1.0
RPL28,1.0,1.0,4.11170784658069,1.0,1.0,1.0,1.0,1.0,1.0,1.0,1.0
"LLGL1, LLGL2",1.0,1.0,1.0,1.0,1.0,1.0,1.0,1.0,1.0,2.717572327522305,1.0
PPHLN1,1.0,1.0,1.6726747905121,1.0,1.0,1.0,1.0,1.0,1.0,2.36180516768716,1.0
XRCC6,1.0,1.0,1.0,1.0,1.0,1.0,1.0,1.0,1.0,1.86311634197912,1.0
CDK13,1.0,1.0,2.57334521729782,1.0,1.0,1.0,1.0,1.0,1.0,1.0,1.0
IL1A,1.0,1.0,2.788626741926844,1.0,1.0,1.0,1.0,1.0,1.0,1.0,1.0
CLASP2,1.0,1.0,1.0,2.02607163271263,1.0,1.0,1.0,1.0,2.02607163271263,4.88764035301839,1.0
OSBPL6,1.0,1.92465422345423,1.0,1.0,1.0,1.0,1.0,1.0,1.0,1.0,1.0
CD2BP2,1.0,1.0,1.0,1.0,1.0,1.0,1.0,1.0,1.0,1.72062232664028,1.0
EIF4ENIF1,1.0,1.0,1.0,1.0,1.0,1.0,1.0,1.0,1.0,2.901744829486315,1.0
GAS2L1,1.0,1.66011627437407,1.0,1.0,1.0,1.0,1.0,1.0,1.0,1.0,1.0
ERBB2,1.0,1.0,3.0761027011339874,1.0,1.0,1.0,1.0,1.0,1.0,1.0,1.0
TPR,1.0,1.87436628335466,1.0,2.6033680610000003,1.0,1.0,1.68308429553201,1.0,1.0,1.0,1.0
TJP2,1.0,1.0,2.03098821871029,1.0,1.0,1.0,1.0,1.0,1.0,1.709477167453865,1.0
"TRA2A, TRA2B",1.0,1.0,1.0,1.0,1.0,1.0,1.0,1.0,1.0,3.10549133032366,1.0
FLNA,1.0,1.0,2.02753576274181,2.460817028,1.0,1.0,1.0,1.0,1.0,1.0,1.0
