,afatinib_up,dasatinib_up,gefitinib_up,imatinib_up
CLVS1,1.0,0.440847016136997,1.0,1.0
DTX3L,0.180790038056002,0.440954192202063,1.0,1.0
RGS3,0.386001442720597,1.0,1.0,1.0
BAZ1B,1.0,0.559123398827782,1.0,1.0
PAPOLG,1.0,0.326837647323877,1.0,1.0
C2orf49,0.4208483077292286,0.3816341889384225,0.3505779276613763,1.0
PSMB4,0.258323647874579,1.0,1.0,1.0
MAP3K4,0.333275946709027,1.0,1.0,1.0
MAP3K7,0.462096754899073,1.0,1.0,1.0
ZZEF1,1.0,0.558039335822121,1.0,1.0
AGAP1,0.1367696815411375,0.457753106571988,0.272689325192804,1.0
BCL9L,0.3172627560403978,0.516790325185681,0.480844896438377,1.0
MEX3D,0.489340972033081,1.0,1.0,1.0
MED24,0.334151078346332,0.434637686633615,1.0,1.0
KIAA1671,0.1980335156199215,0.3524463520853629,0.188668252598636,1.0
PHF2,0.3929512462747554,0.3988988241664635,0.4096095030790453,1.0
PANK4,0.440666985087086,0.167002068364794,0.346488100190408,1.0
HECTD1,0.3557905348829455,0.5294973836694102,0.3387083636320381,1.0
GPI,0.409629653167047,1.0,1.0,1.0
CDC42BPA,0.449202563868977,1.0,1.0,1.0
GIPC1,1.0,0.415100101973745,1.0,1.0
SETX,0.4440427569614905,0.418242102604882,0.38586433613847,1.0
LCP1,0.3384041781842377,0.419850709395762,0.3928995978599556,1.0
BRD4,0.184631735084682,1.0,1.0,1.0
HELZ,1.0,0.45681197374502,1.0,1.0
DNM2,1.0,0.0,1.0,1.0
ZCCHC6,0.420913805059164,1.0,1.0,1.0
MEPCE,0.3045662618608565,0.4057671351495978,0.292231820804093,1.0
WHSC2,1.0,0.455299032850403,1.0,1.0
ARVCF,0.3878941338978439,0.452486865489678,0.3653623311739175,1.0
PPP1R12A,0.1730585254943239,0.2476408102712499,0.2257790016602566,1.0
PARP12,0.176844316164529,0.496834878924285,1.0,1.0
MKL1,0.443977351794813,1.0,0.362462520866115,1.0
EXOC4,0.4010140485629108,0.4354976991164453,1.0,1.0
RPS6KA3,0.1260937647856055,0.277016532357549,0.1910050319382285,1.0
RSF1,0.412108816736553,0.441445947548332,1.0,1.0
PLEC,0.3749444782455892,0.3356770367171212,0.4086810538646655,1.0
C2CD3,1.0,0.470146039929699,1.0,1.0
DOCK1,1.0,0.472351470393884,1.0,1.0
PKN2,1.0,0.4125929749899,0.439167262718862,1.0
SLCO1B7,0.436639235535097,1.0,1.0,1.0
EIF4E,0.244952801089438,0.454113275635722,0.309909031643909,1.0
MLF2,0.4598940067648903,1.0,1.0,1.0
NT5C2,0.320605435882554,0.458262577294371,1.0,1.0
SMARCAD1,0.347253757809005,1.0,1.0,1.0
PJA1,0.210949691182401,1.0,0.2887771923800425,1.0
USP6NL,0.3809756957393496,1.0,0.362083303626935,1.0
CRK,1.0,0.379283413448985,1.0,0.0551233515252277
SDCBP,1.0,1.0,0.412791748313196,1.0
RPAP3,0.217474314499787,1.0,0.2157484862660385,1.0
"VAMP2, VAMP3",0.206823119918248,1.0,0.376303614639984,1.0
ALG3,1.0,0.483538973740793,1.0,1.0
ARHGAP12,0.2168033128260052,0.549129889879502,0.2726815582234705,1.0
TNIP2,0.380737712484323,1.0,1.0,1.0
PTTG1IP,1.0,0.10184640480801,1.0,1.0
PDS5B,0.430360283894485,1.0,0.2547393017837845,1.0
PITPNM1,1.0,0.433472495128517,1.0,1.0
RIN1,0.393818760509829,1.0,0.391771323546324,1.0
BAIAP2,1.0,0.40225280902762,1.0,1.0
PANK2,0.3222787480751127,0.4137208544935425,0.3956556431234795,1.0
WDFY3,1.0,0.4861023092022137,1.0,1.0
SLC39A6,0.353394743843328,0.5746073476275355,0.32538592092514,1.0
"ATP2B1, ATP2B2",1.0,0.4432434708789085,1.0,1.0
ACTR10,1.0,0.561479464264004,1.0,1.0
ADAM17,0.2676082962002174,0.4431791936360135,0.3291141896195264,1.0
IRF2BP2,0.405110009475559,1.0,0.329648579377446,1.0
CDC25C,0.365822254162496,1.0,0.395351500518467,1.0
SPTAN1,1.0,1.0,0.375282031984692,1.0
SNX9,0.4143678146699465,0.336471970887938,0.405528058991021,1.0
LSM14A,0.3510011009030157,0.3985558019128523,1.0,1.0
XRN1,1.0,1.0,0.452549619893618,1.0
DDX10,0.2116442640313265,0.3326117120462297,0.3164524726601095,1.0
RAI1,0.32557612922454,0.304566791185124,0.3664267517310925,1.0
NFATC2,1.0,0.471560806923717,1.0,1.0
BAG2,1.0,0.425942226263495,1.0,1.0
TCEA3,0.3474603896888115,0.361535114244955,0.3180287264363426,1.0
SF3B2,1.0,0.581447938029877,1.0,1.0
ATR,0.419951238150553,1.0,0.496412853585592,1.0
GOLGA2,0.46845158306136,0.381775997236426,1.0,1.0
CASS4,1.0,0.149695212129439,1.0,0.123968748845527
TNFAIP2,1.0,0.300716750123765,1.0,1.0
PPP2R5E,0.208392156215469,1.0,0.253361131877992,1.0
POLR2M,0.2091182059051425,1.0,0.1442843477403095,1.0
NCOA7,0.349898810660825,0.45734716199226,1.0,1.0
CBLC,1.0,1.0,0.338014020161988,1.0
ASH1L,1.0,1.0,0.436782922536232,1.0
WAPAL,0.257356926589673,1.0,1.0,1.0
TOP2B,0.223568047479471,1.0,0.328929092476318,1.0
DENND2C,0.2183061440055125,0.349192498555611,0.349882758610501,1.0
CCDC50,0.2243529794353208,0.380180432743358,0.17980526061179,1.0
CBX8,0.212715406413523,0.413266028643939,1.0,1.0
LARP6,1.0,1.0,0.408770697233318,1.0
RTN4,0.3092550370462856,0.4747673477086805,1.0,1.0
RBM7,0.2436867196994795,0.342857640659718,1.0,1.0
NCOA2,0.311183703157825,0.474350837964219,1.0,1.0
FBXO38,1.0,0.422062186357614,1.0,1.0
KIAA0556,0.2529560764606232,0.373232101201505,0.147481063586174,1.0
RPS13,1.0,0.432312287084054,1.0,1.0
KLC1,0.414392382138779,1.0,0.475257783840019,1.0
AKTIP,0.374820524265913,0.486099097329357,0.371555321566224,1.0
RPS20,1.0,0.379712487042966,1.0,1.0
CDKN2AIP,0.422962094546203,1.0,1.0,1.0
KIAA1462,1.0,1.0,0.464633372789474,1.0
WDR67,0.2984179310707735,1.0,1.0,1.0
DIP2B,1.0,0.498430213028452,1.0,1.0
MAP1B,1.0,0.592748026709343,1.0,1.0
SON,1.0,1.0,1.0,0.42163288411727
SH3KBP1,1.0,0.461729770973924,1.0,1.0
MSH6,1.0,1.0,0.370431623868882,1.0
RALGAPB,1.0,0.431556684351774,1.0,1.0
CD97,0.103312267704657,0.257241418742214,0.0828211382709759,1.0
ADAM9,1.0,0.324985626650382,1.0,1.0
CDS1,1.0,1.0,1.0,0.498272681771085
MYO5A,0.4117235151077227,0.3665502708329865,0.4286430972148753,1.0
RALGAPA2,1.0,1.0,0.385789352052706,1.0
CRKL,1.0,0.2182851308719361,1.0,1.0
MMTAG2,1.0,0.382169097777891,1.0,1.0
SSRP1,0.420570520341621,1.0,1.0,1.0
ATG2B,0.411376524768106,0.19815646494384,1.0,1.0
GGA2,1.0,0.403715921675552,1.0,1.0
OXR1,0.2901497815788235,0.3332433632953177,0.379643432616474,1.0
KAT6A,0.463060312395664,0.3562718229752066,0.456047696115938,1.0
SKT,0.4064020152847822,1.0,0.3800564535424463,1.0
AAK1,1.0,0.377395899176403,1.0,1.0
POC5,1.0,1.0,0.481933559416404,1.0
NEDD4L,0.470491191592652,1.0,0.3875794659790787,1.0
ILK,1.0,0.576550184691951,1.0,1.0
FLNC,0.2762301670998834,0.587009032770004,0.424799989106978,1.0
LIMA1,0.3166154185716446,0.3416083751128048,0.2810820661155036,1.0
HUWE1,0.416214770738067,1.0,1.0,1.0
RIF1,0.1791998357757533,0.4933768258351465,0.3167882486556085,1.0
PHF8,0.304026397980484,0.44538853755274,0.297406052341957,1.0
TBC1D9B,0.4124615076724908,0.4097947939431685,0.485486271246235,1.0
MLL5,1.0,0.45005006048029,1.0,1.0
MORF4L2,1.0,1.0,0.486931455093192,1.0
ELF3,0.1823700927783664,0.2676742379267287,0.2234943042757819,1.0
HNRNPD,1.0,0.492077143799998,1.0,1.0
SOS1,0.2239318556264491,0.3182860783584564,0.310065939768315,1.0
COL17A1,0.1894940345820916,1.0,0.1599184583230214,1.0
BET1L,1.0,1.0,0.371761510854193,1.0
SATB2,1.0,0.270469525595104,1.0,1.0
C19orf21,0.2134137596289589,0.4017556551517835,0.2159588372997459,1.0
MBD4,0.178184963103714,0.185765330874183,0.33035313013441,1.0
C16orf88,1.0,0.337020803114712,1.0,1.0
FAM107B,1.0,1.0,0.0797154625812642,1.0
IRS2,0.378944734913662,0.4201888043955615,0.473727717207785,1.0
GRHL2,1.0,1.0,0.0895402551923163,1.0
XRCC6,0.2891420783141443,0.570938401107355,1.0,1.0
SMTN,1.0,0.458670461117451,1.0,1.0
YTHDC2,0.3247792999749323,0.417735417465085,0.3243690948194635,1.0
OSBPL3,1.0,0.5778745947672,0.429748679198234,1.0
AP3D1,0.2156949995323993,1.0,0.232276060079563,1.0
HIST1H1B,1.0,1.0,0.41941713979578,1.0
DOCK10,1.0,0.4727676523578235,1.0,1.0
EFS,1.0,1.0,0.191212627593103,1.0
PTPN13,0.401676932418814,1.0,1.0,1.0
PLEKHA1,1.0,0.370525198582153,1.0,1.0
BOD1L1,0.3392117190361154,0.4664957576255784,0.347205843522879,1.0
API5,1.0,0.271399136312365,1.0,1.0
VAPB,1.0,1.0,0.499590931791758,1.0
CSTB,1.0,0.36153542254232,1.0,1.0
"PKIB, RANBP1",1.0,0.326374771612988,1.0,1.0
KIAA1107,0.19646996055028,1.0,1.0,1.0
TAF3,0.2059894710216928,0.4079531756104555,0.148439344464478,1.0
LRSAM1,0.1243545684294032,1.0,0.1343830460366639,1.0
SHANK2,0.2120525686697685,1.0,0.150977240423119,1.0
EPB41L2,1.0,0.439364067631985,1.0,1.0
TACC1,1.0,0.4758005225057299,1.0,1.0
ZNF638,0.4062568185752475,1.0,0.4035907548106818,1.0
MRGBP,1.0,0.59053139291519,1.0,1.0
PTRF,1.0,0.592208127322847,1.0,1.0
TNIP1,1.0,0.399670306765761,1.0,1.0
CFL2,1.0,0.2194269579379975,1.0,1.0
RPS6,0.4646847201793756,0.5303198598234427,1.0,1.0
UBL7,0.196373553164708,1.0,1.0,1.0
TNRC6B,0.4373292401714167,1.0,0.4327726930204035,1.0
DOK1,1.0,0.1078302640219299,1.0,1.0
TNK2,1.0,0.4084292070976766,1.0,1.0
AP1AR,1.0,0.484982279690643,1.0,1.0
RAB11FIP5,0.3080540491603783,0.465853020432803,0.336701459469247,1.0
"DDX19A, DDX19B",1.0,1.0,0.296829119823936,1.0
DYNC1LI2,0.368623348689663,1.0,1.0,1.0
CT45A5,1.0,0.375985448453296,1.0,1.0
PAK2,0.146004549773584,0.469126224723546,1.0,1.0
"VAMP1, VAMP2, VAMP3",0.2469767748516128,0.401276293919109,0.2361752293263629,1.0
ZNRF2,1.0,0.370675407649813,0.493966359278,1.0
PTPN11,1.0,0.1139971260388202,1.0,0.136926162857181
TSC22D4,0.4015984689210494,0.502320781758568,0.353939301830015,1.0
SEPT7,1.0,0.246120319799982,1.0,1.0
BRWD1,0.1418106028505386,0.2494053892176985,0.1433788732261544,1.0
LRRC16A,0.2235607775380236,0.3635374404442462,0.477538394171703,1.0
KIAA0284,0.4307769135550467,1.0,0.427427265478153,1.0
NFIX,0.2267074425709613,0.442811543296515,0.212097911641686,1.0
AIM1,0.2555629904327753,0.4967038162942,0.2967153551311202,1.0
VWA7,0.302476760461356,1.0,0.370942242021083,1.0
ZFP106,0.4442269055100845,0.424020083117275,0.486172668796809,1.0
USO1,1.0,0.586372100722024,1.0,1.0
RBPMS,1.0,0.367813078749114,1.0,1.0
"HIST1H1A, HIST1H1B, HIST1H1C, HIST1H1D, HIST1H1E, HIST1H1T",1.0,0.3497053934937665,1.0,1.0
CAMSAP2,1.0,0.366763621456747,1.0,1.0
DOCK8,0.387863273288388,0.433889294151397,1.0,1.0
DAXX,0.2887018272138656,0.3547867282955125,1.0,1.0
TRAFD1,0.297333463101103,0.4798159147518155,0.241013169425723,1.0
ZC3H12C,1.0,1.0,0.422975674878849,1.0
LARP4B,0.414134960310934,0.549803912291227,0.4618538969873053,1.0
IGSF9,1.0,0.472668915219233,1.0,1.0
SLC12A6,0.342742183760554,0.410833063965432,0.434332694240863,1.0
PPFIA1,0.3269587723049925,0.422493779989745,0.396219285339446,1.0
RBM14,0.401782948411627,0.467099903246035,1.0,1.0
MED13,1.0,0.538642058390155,1.0,1.0
PARD3,0.3429822300522931,0.413846489827136,0.407022686763236,1.0
ACLY,1.0,1.0,0.494730411993462,1.0
EEF2K,1.0,1.0,0.428260969020405,1.0
TCF4,1.0,0.0,1.0,1.0
PRRC2B,0.3832902059652348,0.3971983151782005,0.415035032241885,1.0
REEP3,1.0,0.526065590013051,1.0,1.0
AKAP1,1.0,0.432309153919954,1.0,1.0
LMNB2,1.0,0.3801760096120525,1.0,1.0
USP24,0.2917226410268847,0.4588350290037479,0.2811030177888438,1.0
FERMT3,1.0,0.326943025331097,1.0,1.0
PSD3,0.202242897973388,1.0,0.240908377312755,1.0
ATXN1L,0.354898320362612,0.3882945463481537,0.3808467915921896,1.0
AVEN,0.4294318693118515,0.382222427326587,0.378030626830892,1.0
GEMIN7,1.0,1.0,0.358952775067726,1.0
SPTBN1,0.3505050730114861,0.48840160857045,0.273968983423127,1.0
ZFC3H1,0.4302467855875667,0.4546679035903554,0.4908010762852159,1.0
PFKFB3,0.286187672988353,1.0,0.295885552849621,1.0
PDS5A,0.202917902966638,1.0,1.0,1.0
PHF14,0.2668724706291422,0.3765349899832892,0.312136426327998,1.0
INPPL1,1.0,0.2025920752774289,0.3185660202338289,0.1406151356008818
NIPBL,0.2540692835229,0.256846548662449,0.152475385541137,1.0
ZMYM4,0.2875975318154233,1.0,0.329938493095257,1.0
TNFRSF21,0.3136696776178579,0.4002561486677877,0.3042206085033446,1.0
MPZL1,1.0,0.3473615736206125,1.0,1.0
PCNP,0.276271416855614,0.299992506088611,0.2600575449351025,1.0
IER3,0.349965701097557,0.432955065621064,1.0,1.0
DHX36,0.2079068707165476,0.46105766531507,0.2357084787332253,1.0
SETD1A,0.161900184626999,0.301007210891874,1.0,1.0
MYO9B,1.0,0.587594642950056,1.0,1.0
EEF1B2,1.0,1.0,0.348833772415839,1.0
MFF,0.422459235005795,1.0,0.432227736491104,1.0
EDC3,0.38072093722277,1.0,1.0,1.0
"MAP2K1, MAP2K2",0.3079402238574173,0.255007676416185,0.3740550608408315,1.0
RECQL4,0.2846440797109522,0.345863455740602,0.275733329187544,1.0
NOP2,0.2890899252397055,0.3301025772532268,0.3954067918870993,1.0
RB1,1.0,0.554368467177223,1.0,1.0
MAP1A,1.0,0.381308995631098,0.295085582057877,1.0
FAM50B,1.0,1.0,0.25666268345259,1.0
LLGL2,0.474031798444568,0.3536945280351933,0.363325357274072,1.0
NFIB,1.0,0.49425518010339,1.0,1.0
ZNF609,0.3967136455027903,0.476740216567267,0.4002317708189497,1.0
ARHGEF3,0.404115820764703,1.0,0.306888161623705,1.0
MAPK3,0.1244662773584649,0.226460386147951,0.1134071907927865,1.0
PLEKHH3,0.214376443683057,0.3293330200514734,0.2306583706814235,1.0
BZW1,1.0,1.0,1.0,0.49163613689635
ZC3H14,0.435285906575034,0.405540567290085,1.0,1.0
ARHGEF7,0.1272225564028155,0.362192379020321,0.0985778992393604,1.0
KIF4A,0.1940040690302497,0.2576957566841331,0.3595588901036403,1.0
HNRNPA0,0.129776343230371,0.235740561588535,1.0,1.0
ARFGAP3,0.2360306398008483,0.344566789597295,0.1970354497041296,1.0
PAK1,1.0,0.5196454153598595,1.0,1.0
ATG4C,1.0,0.393830540604375,1.0,1.0
SUN2,0.445814120785243,1.0,1.0,1.0
IL6ST,0.230439032629013,0.4758497183457506,1.0,1.0
CWC22,1.0,0.584525824961159,1.0,1.0
ATAD2,0.1340377681121105,0.372742080920961,0.1582288030695402,1.0
CASC5,1.0,0.556694039552721,1.0,1.0
DSP,0.1971523238234066,0.2943663762937288,0.3218688691372539,1.0
GIGYF1,0.408077809897111,0.170241097280611,1.0,1.0
SHROOM1,0.417988793341645,0.4389258908872865,0.3793113594787393,1.0
PRRC2C,0.481927259642629,0.51346961398547,1.0,1.0
RIPK1,0.3443405426453545,0.231235816829779,1.0,1.0
TAF7,0.2867271445567657,0.3361394639438086,1.0,1.0
TSC2,1.0,0.3193295969411089,1.0,1.0
"KDM5C, KDM5D",1.0,0.402681925438803,1.0,1.0
SSBP3,0.484253161264804,1.0,1.0,1.0
CDC14A,1.0,1.0,0.396738018881163,1.0
"EXOC1, RAB11FIP2",1.0,0.438836419681342,1.0,1.0
"RPLP1, RPLP2",1.0,0.0,1.0,1.0
PRR14,0.383249039741414,0.39454249474045,0.3306624702824979,1.0
SIN3A,1.0,0.4714472804793895,1.0,1.0
SLC9A1,0.3764499117676986,0.4679683444812,0.4122142082408702,1.0
ABL1,1.0,0.0,1.0,0.2561405369418426
WASF2,1.0,0.166990714086166,1.0,1.0
MAGEC1,1.0,0.337850204180602,1.0,1.0
PTPRA,1.0,0.3823692406848061,1.0,1.0
ATRX,0.391256656692346,1.0,0.4615184811661545,1.0
FOSL2,0.429163800080147,1.0,0.459837448735196,1.0
FHOD1,1.0,0.421977963209964,0.336111391175038,1.0
ZNF185,0.2737002868677661,0.3997838873223486,0.3043744147996585,1.0
FGD6,1.0,0.3126335383168707,1.0,1.0
PDZD8,1.0,1.0,0.450689929359328,1.0
"CEP170, PLIN5",0.2205141700028116,0.3959396455273355,0.2300448076470195,1.0
CORO7,1.0,1.0,0.40745249455891,1.0
GAB2,1.0,0.2415007935260333,1.0,1.0
OSTF1,1.0,0.4458488009987583,1.0,1.0
CPSF4,1.0,0.421377970191685,1.0,1.0
DCAF6,0.357005199245306,0.467478021897169,1.0,1.0
RNF219,1.0,0.34304012695951,0.39860737855539,1.0
STX12,1.0,0.462395755605599,0.390320282640572,1.0
AJUBA,1.0,0.3542576185005,1.0,1.0
GPATCH8,1.0,0.44088765171989,1.0,1.0
RHBDF2,0.4099928896494628,0.4101343452689532,0.453589557405066,1.0
POLA1,0.417272816580224,1.0,0.330759348388528,1.0
SP100,0.365485651656279,1.0,1.0,1.0
RPS6KB1,1.0,0.4680514766827085,1.0,1.0
TMEM230,0.381600570844204,0.4054347063792305,1.0,1.0
HOMER3,1.0,1.0,0.461518871787278,1.0
URI1,0.427615842743702,1.0,1.0,1.0
SEC16A,0.362076864281018,1.0,0.440109484217204,1.0
TAGLN2,1.0,0.3993700849840316,1.0,1.0
IRF2BPL,0.380997653302087,1.0,1.0,1.0
ZC3H7B,1.0,1.0,0.484025744336374,1.0
UTP14A,1.0,0.438416430900287,1.0,1.0
PSMD11,0.244299974348272,0.3249453672586695,1.0,1.0
KCTD12,0.407993624378672,1.0,1.0,1.0
RPS3A,1.0,0.2927970934360545,1.0,1.0
CALM1,1.0,0.1020821365576901,1.0,1.0
AKAP2,0.3619917090522772,0.39042477729901,1.0,1.0
BRWD3,0.318335635299805,1.0,1.0,1.0
MEF2A,0.429538125557517,1.0,1.0,1.0
"ANXA2, ANXA2P2",1.0,0.2582000533695746,1.0,1.0
RPL34,1.0,0.2792190175468813,1.0,1.0
ERRFI1,0.41585593679756,0.487713082637042,1.0,1.0
SUPT16H,0.2072991045874664,0.287293212093674,0.1668457552372829,1.0
RANBP3,0.416039394484973,0.360124417330411,0.4465529341258847,1.0
DBNL,0.2321394227022951,0.354545338260659,0.2717522338730679,1.0
UHRF1BP1L,0.32347930398487,0.3895124667622255,1.0,1.0
BLNK,1.0,0.444284327332435,1.0,1.0
WNK1,1.0,0.546013709203293,1.0,1.0
AHCTF1,0.4017330958807795,1.0,0.4358227251065933,1.0
CIZ1,0.444492030169227,0.471012134040861,1.0,1.0
TRAPPC12,0.460101199296373,1.0,0.32989261150697,1.0
HDGFRP2,0.3180833917093886,0.3957986016519476,0.49474392292145,1.0
EIF3A,1.0,0.56720157032206,1.0,1.0
CTTN,0.3923895365118033,0.264013766958611,0.460156011554263,1.0
PCYT1A,0.4457716624529335,0.4469608736729218,0.389961838239189,1.0
MFAP1,1.0,0.46646682443077,1.0,0.445675104188217
TNRC18,0.251506660719225,0.3125104879730523,0.303421763968978,1.0
SETD5,0.414893620804011,1.0,1.0,1.0
KIF14,1.0,0.505301687603808,1.0,1.0
C1orf131,0.2400708466206353,0.361295268424514,0.2974357823977387,1.0
SIPA1L3,0.3230454932217005,0.3811797224221375,0.209722037906774,1.0
PRICKLE2,1.0,1.0,0.466128056099592,1.0
C18orf56,1.0,1.0,0.17586216020049,1.0
"C2CD2L, UQCRC2",1.0,0.5978331329948,1.0,1.0
PPP1R9B,0.4534062826330745,1.0,1.0,1.0
WDR62,1.0,0.597545994003752,0.472960705491926,1.0
DTD1,1.0,1.0,0.295172452840997,1.0
EIF3C,0.244889627793392,0.381003365622443,1.0,1.0
LRRC41,0.2545353745848272,0.299485404462579,0.291259682551049,1.0
SYNE2,1.0,1.0,1.0,0.46713930003648
TRIM29,0.3281689950561832,1.0,0.265739895628741,1.0
KIAA1522,0.3022333360063992,0.305995563285723,0.275709981522702,1.0
FAM63A,0.3645724927916225,0.289962015427699,0.3674031688206388,1.0
RPS6KA4,0.3486563445995896,0.2709882153681218,1.0,1.0
ASRGL1,0.499539956258127,1.0,1.0,1.0
ARHGAP6,1.0,0.486120500983696,1.0,1.0
PLEKHA7,0.460553586925939,1.0,1.0,0.484056210956882
TP53BP1,1.0,0.350451956417508,1.0,1.0
PCBP1,1.0,0.4534280084997055,1.0,1.0
CALR3,1.0,0.351714554536647,1.0,1.0
LMO7,0.3173508760991664,0.4209175945511983,0.3591715816633102,1.0
RILPL1,1.0,0.42525308929099,1.0,1.0
SARG,0.3041826003771997,0.419896014076266,0.321257521807383,1.0
MAP7,1.0,1.0,0.4357617278564913,1.0
EPS8L1,1.0,1.0,0.386783608655674,1.0
RAP1GAP2,1.0,0.534500338932135,1.0,1.0
KIF22,1.0,1.0,0.437743361931672,1.0
PLEKHF2,0.3045822234381862,0.337303433844387,0.388017255072328,1.0
AFF1,1.0,0.499388815916551,1.0,1.0
"STK24, STK25",1.0,0.597259315229647,1.0,1.0
TBC1D23,0.215463933352609,1.0,0.217364718349999,1.0
EDC4,1.0,0.30472767646845,1.0,1.0
STIM1,1.0,1.0,0.464894031666683,1.0
ARHGAP19,0.445720828747654,1.0,0.453075319593129,1.0
LRRFIP1,0.2809146161489556,0.3707875743018533,0.2867572388551803,1.0
EIF2A,0.115850411816311,0.348551542745819,0.0849829733644777,1.0
STAT5A,1.0,0.425406668651736,1.0,1.0
RAF1,0.2905830278160874,0.4001817565587386,0.2732709176727527,1.0
TANC2,0.3793510239319975,0.484884732023772,0.4083288987985077,1.0
EI24,1.0,0.368041715493374,1.0,1.0
ERCC6L,1.0,1.0,0.39690894631634,1.0
IFT57,1.0,0.39887337040996,1.0,1.0
RPL3,1.0,0.118169422791844,1.0,1.0
ARAP1,1.0,0.3056916329469292,1.0,1.0
SCYL1,1.0,0.434133285424147,1.0,1.0
CD44,1.0,1.0,0.2565183118592605,1.0
DUSP6,0.287742968481934,1.0,1.0,1.0
SLMAP,0.353708348352303,1.0,0.2904470578838045,1.0
TRIO,1.0,1.0,0.3148573644534236,1.0
ARFGEF3,1.0,1.0,0.45073065976649,1.0
LARP1,0.3103919242720769,0.480506765226464,0.3081586848250001,1.0
DENND4C,0.4756200426605165,0.493565060809572,1.0,1.0
RSRC2,1.0,0.308708674443574,1.0,0.375409762366389
HN1,0.428987011821098,1.0,0.368547670664162,1.0
DMAP1,0.451454737433089,1.0,0.454535313953236,1.0
NCBP1,1.0,0.4416294547810609,1.0,1.0
SH3D19,1.0,0.3918853914046445,1.0,1.0
RBM10,1.0,1.0,1.0,0.148970859556559
FAM83D,0.37504931452816,1.0,0.472154039730731,1.0
ZNF507,0.43140188240699,1.0,1.0,1.0
RPS7,1.0,0.348496221889644,1.0,1.0
C10orf47,0.3131712577289977,0.4614982897263059,0.275538050792423,1.0
CCT2,0.1492883676092384,0.43605447490927,0.204224180169888,1.0
NCAPD2,0.0998287179190049,0.25399280743429,0.2362469505710299,1.0
PTK2,0.3339313820598755,0.3644630393088398,1.0,1.0
CBL,1.0,0.1439326397940054,1.0,0.1248690612955092
TMSB4X,0.303756445632246,1.0,1.0,1.0
PHF20L1,1.0,1.0,0.460672206531163,1.0
FAM59A,0.2201625850175805,1.0,0.4276488212784505,1.0
TANK,1.0,0.3592795941792435,1.0,1.0
"GCOM2, POLR2M",0.0734050382709099,0.165221319008529,0.0903770987388691,1.0
ADNP,1.0,1.0,0.489357847293221,1.0
NCL,1.0,1.0,1.0,0.445539021238417
ATP7A,1.0,0.412422206928511,1.0,1.0
AHNAK,0.274682885505155,0.3059943973671442,0.2804150218708284,1.0
DGCR2,0.417374549848676,0.258654205674811,1.0,1.0
EXOC8,0.368144736757121,0.339751505001499,1.0,1.0
LIMK2,1.0,0.45931344163702,1.0,1.0
NDUFS8,1.0,1.0,0.471324437126289,1.0
AUP1,0.308026376114902,0.321357335522958,1.0,1.0
CD2AP,0.2769307226498051,0.2847568584384493,0.3034092604054283,0.1785884521846479
NOP56,1.0,1.0,0.493287581019478,1.0
ZNF295,1.0,0.479887088155907,1.0,1.0
JUND,0.480001915973488,1.0,1.0,1.0
PJA2,0.280250010979254,1.0,1.0,1.0
FUS,0.309878705088527,0.144054900075371,0.32310821468816,1.0
KIF16B,1.0,0.528319281870377,1.0,1.0
SYTL2,0.452543404743537,1.0,0.325767125809785,1.0
WDHD1,1.0,1.0,0.471040225489901,1.0
MAP4K4,0.407930059368189,1.0,0.309156034603558,1.0
TAF15,1.0,0.395240898897769,1.0,1.0
STAG2,1.0,0.485628252786445,1.0,1.0
LENG8,1.0,1.0,0.437479486041081,1.0
STK10,0.377523612471092,0.5179600975816302,0.340305306944314,1.0
PPP1R13L,0.2381561766976287,0.318774692694432,0.2289297238721734,1.0
KAT7,0.415633044105864,1.0,0.497462300549914,1.0
C10orf54,0.306546459818146,0.3868074537140176,1.0,1.0
CTNNB1,1.0,0.18493382311811,1.0,1.0
FAM117B,0.0,1.0,1.0,1.0
ALDOA,1.0,0.556086624639251,1.0,1.0
NECAP2,0.342036253749281,0.405905312481979,0.3338876315458145,1.0
EZR,0.184550719471115,0.2624764579932819,1.0,1.0
"HCK, LYN",1.0,0.2777062704879105,1.0,1.0
MTDH,0.2547685825846272,0.2497912930451686,1.0,1.0
CTTNBP2NL,0.450252008329031,0.402480698778251,1.0,1.0
SMG1,0.2009112125649685,0.285916204908907,1.0,1.0
MYC,1.0,0.3719130756344422,0.468428864939349,1.0
ARHGAP35,0.213701918739155,0.3185755372225906,0.2327434943158572,1.0
PNPLA6,0.1699731663430677,0.139479174648689,0.454616811316929,1.0
GABPA,0.3047489480497785,1.0,0.343739525435931,1.0
USP8,1.0,0.42584435947302,1.0,1.0
SNRK,1.0,0.572992752109417,1.0,1.0
MAP2,0.146784744739597,1.0,0.257495620720206,1.0
SRSF5,1.0,1.0,1.0,0.4663281364016695
TRIP12,1.0,1.0,0.239335022504265,1.0
POLD3,0.2228273215678535,0.339718553552317,1.0,1.0
XRN2,1.0,1.0,1.0,0.498371955423538
DNAJC30,0.4194389695201025,1.0,0.4126889618821883,1.0
RAVER1,0.3103075963774797,0.499266972316542,0.3779194510563705,0.204854327247129
"SACS, TPR",0.0734218138244213,1.0,0.112677632592738,1.0
ANLN,0.334149713927484,1.0,1.0,1.0
"PDXDC1, PDXDC2P",0.3089771758810319,1.0,0.288544521339968,1.0
XPO1,0.377038880048639,0.354376221671328,1.0,1.0
ATP5B,1.0,0.359166782001978,1.0,1.0
ANXA1,1.0,0.2105274500098115,1.0,1.0
NDRG3,0.2360204086559077,1.0,0.3014219827110172,1.0
LAD1,0.2078749921907121,0.3750947082701571,0.2166666166678646,1.0
MPP7,1.0,0.0409573114040154,1.0,1.0
PRKCD,1.0,0.1917790426112635,1.0,1.0
"RAB11FIP1, RAB11FIP2",1.0,1.0,0.0931684505465018,1.0
BCAR3,0.230458323289161,0.198755085647958,0.1691839015379965,1.0
AHNAK2,0.2662085598311557,0.4170481217190378,0.2403833222795749,1.0
ARHGAP11A,0.274378275060675,0.331297175513953,1.0,1.0
HNRNPM,0.392734507148009,0.462972780144562,1.0,1.0
MTSS1L,1.0,0.4740052965142427,1.0,1.0
STMN1,0.4111412228806005,0.3744341092446928,0.468637218845303,1.0
TALDO1,1.0,1.0,0.258714723967082,1.0
SRSF3,1.0,1.0,0.46217132632829,1.0
IGF2R,0.3843838378685167,0.397986526865802,0.4024660350688817,1.0
LRCH3,1.0,1.0,0.308157072363807,1.0
CBX5,1.0,1.0,0.440647485938378,1.0
REPS1,0.304952515949996,0.2434570442402175,0.325218880473148,1.0
PLEKHA4,1.0,1.0,1.0,0.0
RPL37A,1.0,0.118399910003448,1.0,1.0
CCDC6,0.4479107541486407,0.43253790880027,1.0,1.0
WDR20,1.0,1.0,0.375682190029092,1.0
RICTOR,1.0,1.0,0.457331239770065,1.0
MPRIP,0.491301709284326,0.574832168678018,1.0,1.0
PLEKHG3,0.3854094791407254,0.4272213410346324,0.3507699389291867,1.0
TCEB3,0.081241613940733,0.277098323019779,0.1099271203434075,1.0
BTBD10,0.2936666256965354,0.411626928140075,0.330442957977925,1.0
SAV1,1.0,0.58796891047881,1.0,1.0
RTN3,0.354601732976777,0.4230933297812557,1.0,1.0
PPFIBP2,0.339736049194593,0.3614971432508865,0.4634169170320035,1.0
PURB,1.0,0.19054823517913,1.0,1.0
CDKL5,1.0,0.549027341335435,1.0,1.0
U2SURP,1.0,0.292189774852881,1.0,1.0
MICAL3,0.4667382369964913,0.482609123046611,0.4550914783948908,1.0
CLTC,1.0,0.346819824940572,1.0,1.0
PSIP1,1.0,1.0,1.0,0.490700060769804
EML3,0.4060315921545,0.458356827910516,0.438539717487632,1.0
STRN4,0.2543492646176835,0.411011478603261,0.2714539188447233,1.0
LCMT1,0.1511120945388979,0.198009920243517,0.1766424622044665,1.0
BAHD1,0.335592361280485,1.0,1.0,1.0
UPF1,1.0,0.465280065157066,1.0,1.0
ANKHD1,0.3419997329259239,1.0,1.0,1.0
PRRC2A,0.457213761445193,0.38522178182634,0.4384161776980438,1.0
FAM176A,1.0,1.0,0.386925745954459,1.0
ABI1,1.0,0.2471831391026897,0.441980530973018,0.184661084571144
TRAF2,1.0,0.198263044528333,1.0,1.0
EPB41L1,0.301381232711933,0.3910109997707,0.2710399390240685,1.0
ARHGEF16,1.0,0.442055767747751,1.0,1.0
MAPRE1,0.220245171964141,0.289149126885087,0.1083556156547412,1.0
JUN,1.0,0.4432734294753635,1.0,1.0
DDX17,0.3134281644264727,0.4253171226982903,0.4112082273234882,1.0
MTUS1,0.3862570055858216,1.0,0.3978875611313853,1.0
C20orf43,0.3240134285824183,1.0,0.371209189834272,1.0
MARVELD3,1.0,0.491196036394747,1.0,1.0
ARHGEF10,0.3581675273472949,0.286971726791232,1.0,1.0
CFL1,1.0,0.3616680275321225,1.0,1.0
"TMCC2, TMCC3",1.0,1.0,0.435698104333646,1.0
RAB21,1.0,1.0,0.430021148331326,1.0
OTUD1,1.0,0.4349163633413163,1.0,1.0
CNOT2,0.322852631668105,0.407178935022064,1.0,1.0
PRKAA1,0.461313425073105,1.0,1.0,1.0
IRAK1,1.0,0.329952545526449,1.0,1.0
LYN,1.0,0.0483526656308883,1.0,1.0
VCL,0.489933015688286,1.0,1.0,1.0
EXOSC10,0.450218153918155,1.0,1.0,1.0
FLNA,1.0,1.0,0.0969765593666576,1.0
KIF20B,0.39740492085893,0.46477640999966,1.0,1.0
RNPEP,1.0,0.255372048413522,1.0,1.0
LMNA,1.0,0.4268635108567939,1.0,1.0
"MLL5, SRSF3",1.0,0.342044153757662,1.0,1.0
IWS1,0.2159992898991684,0.3641297987793372,0.2279211115329094,0.49664157095252
AKNA,0.224406275113818,1.0,0.287489473256584,1.0
RGS12,0.266620705830892,1.0,0.383687979357652,1.0
DCTN2,1.0,0.343293313942006,1.0,1.0
GTSF1,1.0,0.236630023283615,1.0,1.0
TBC1D4,0.420951007514046,0.344249791134925,0.4499662074954514,1.0
CDC42EP4,0.344744455160685,0.396263992348032,0.4092186104253853,1.0
SRSF6,0.361397159042304,1.0,1.0,1.0
SRXN1,1.0,0.57474437094977,1.0,1.0
CAV1,1.0,1.0,0.368498089963087,1.0
AKAP13,0.361642910939251,0.3743947039131006,0.30413629997126,1.0
TUT1,0.468278253466219,1.0,1.0,1.0
ZNF211,0.349303272796439,1.0,1.0,1.0
ELF4,1.0,0.394771898034488,1.0,1.0
RPL4,1.0,0.327762207590053,1.0,1.0
DCP1B,1.0,0.562141599988408,1.0,1.0
GTF2I,0.4414319990322257,0.351133313631594,0.341979828863506,1.0
MYO5B,0.462105109701254,0.465945355962915,0.48558960640416,1.0
RBM27,0.311993628735504,0.43726961051989,1.0,1.0
RBM5,0.3943141575676345,0.473068295569902,0.406096289768678,1.0
RPL13,1.0,0.295717459144328,1.0,1.0
TOM1,0.344892960703137,1.0,1.0,1.0
SEMA4B,0.4154077394443407,0.3689819632115192,0.4460132288315385,1.0
GOLGA4,0.3983604341012605,1.0,1.0,1.0
PCM1,0.3938914808909093,0.4566660836054197,1.0,1.0
MAP3K11,1.0,1.0,0.3835419580550709,1.0
BCL7C,1.0,0.34493840941048,1.0,1.0
CHEK1,0.1682867585339513,0.387805317683373,0.1847191090687105,1.0
MAP7D3,1.0,1.0,0.381124431876972,1.0
CNOT4,1.0,1.0,0.4204748063712,1.0
FAM134C,1.0,1.0,1.0,0.264797912073385
"TAGLN2, TAGLN3",1.0,0.178641085361032,1.0,1.0
GAPVD1,0.445122071959365,0.4429373169516223,0.431297557696752,1.0
ZC3H13,1.0,0.279300343746906,0.1908184696149715,1.0
BCLAF1,1.0,0.252287791081022,1.0,1.0
MLL2,1.0,0.4335464791668905,1.0,1.0
SART1,0.488075838144045,0.461362263301712,0.4569056577310185,1.0
PPP1R18,0.3824744283625187,0.2259512934048442,1.0,1.0
SRGAP1,1.0,0.397463866553033,1.0,1.0
TBK1,1.0,0.437746072622415,1.0,1.0
C10orf118,1.0,1.0,1.0,0.490612628927909
KIAA0528,0.345372883232638,1.0,0.386740249071784,1.0
SHB,1.0,0.249199260438411,1.0,1.0
CHD4,0.3993981552742435,1.0,0.361987732076014,1.0
PFKFB2,0.4074794604616365,0.329431185813629,0.4267597332520515,1.0
CCDC132,0.32904461729511,1.0,0.441194713759263,1.0
ARHGAP21,0.2875905831512562,0.4058906362681922,0.2686779729227784,1.0
FASN,0.182776543564402,0.219799022993617,0.1375016493022456,1.0
CD46,1.0,0.3511216037905055,1.0,1.0
ARHGEF35,1.0,0.409508398030908,1.0,1.0
ZFP36L1,0.369687865382089,0.33059850129607,0.421608579403605,1.0
ULK1,1.0,0.4300993529612,1.0,1.0
FOXO3,0.3024555193693242,0.3749394779671592,0.3663115905967966,1.0
ALDH16A1,0.25254302121752,1.0,1.0,1.0
MON1A,0.297717299074033,1.0,1.0,1.0
PDCD4,0.2953795212388432,0.369246118147737,0.3015013438078062,1.0
NOSIP,0.416993262274044,0.394020220478865,1.0,1.0
SH2D3A,0.439152949512678,1.0,1.0,1.0
SMG8,0.276731990052261,0.322788930250611,1.0,1.0
MKI67IP,0.445012428599391,1.0,1.0,1.0
POGZ,0.270611736205694,1.0,0.376575770902054,1.0
NFIL3,1.0,0.494520715506841,1.0,1.0
ITPKB,0.1280831109906723,0.325165745878192,0.1049981387609284,1.0
SERBP1,0.2594726519750636,1.0,1.0,1.0
CCDC9,0.431669408505927,1.0,0.439558557433741,1.0
YTHDF2,1.0,0.476952625931192,1.0,1.0
TBC1D2,0.390230968436401,0.4726354141602444,0.438364228341826,1.0
CRTC3,1.0,0.4238760635688416,0.29078256594958,1.0
DNAJB1,0.2694859601073255,0.3067906015579465,1.0,1.0
NGDN,1.0,0.482041960831366,0.439931199278346,1.0
MAPKBP1,1.0,0.24387785442189,1.0,1.0
QSER1,0.385835572468045,0.316958649569499,1.0,1.0
PTK2B,1.0,0.184551081254184,1.0,1.0
EVI5,0.3971016831607085,1.0,1.0,1.0
SYMPK,0.388494390330283,0.432237621568601,1.0,1.0
MADD,0.3570395855057885,0.3644442740740503,0.3569248381271115,1.0
DOCK9,0.294322428196848,0.37772976223843,1.0,1.0
BBX,0.466900957495315,1.0,1.0,1.0
ACSM2A,1.0,1.0,1.0,0.378599769140515
"ERBB2, HIVEP1, TET1",0.39150637336789,1.0,1.0,1.0
COBLL1,0.44505214903507,0.4786659318982105,1.0,1.0
RANBP1,1.0,0.3989878840751145,1.0,1.0
SPATS2L,0.3624794071881165,1.0,0.307478797189486,1.0
ANKRD17,0.1213358606754052,0.431104046840508,0.1623357387502589,1.0
ESRP1,0.365070325017137,1.0,1.0,1.0
CTNND1,0.2781365023758985,0.3904028489642541,0.2949127738720068,1.0
NR3C1,0.128364524994791,0.354468511393889,1.0,1.0
CHD2,1.0,1.0,1.0,0.392056128630602
EPB41,1.0,0.0790137739899208,1.0,1.0
RGNEF,0.3910175573178885,0.476834454063622,0.4681031750842077,1.0
BAG3,0.4270538890959747,1.0,0.393764229338288,1.0
MLL,0.398239305323516,1.0,0.429923543806456,1.0
GPSM2,0.483703229690285,1.0,1.0,1.0
"JUN, JUND",1.0,0.493612489844823,1.0,1.0
CDK13,0.3722513423431165,0.3794181468628715,0.414262593741858,1.0
NCOA3,0.376844034617429,0.497044508133874,1.0,1.0
CTR9,1.0,0.498604915280077,1.0,1.0
RPL21,1.0,0.237741701010397,1.0,1.0
EPPK1,0.144832308379743,1.0,1.0,1.0
SRCAP,0.3194041720397755,0.299739242232096,0.3789659048181911,1.0
AKAP11,0.4185191217174955,1.0,1.0,1.0
SPAG9,0.315381987843882,0.441027146499261,0.423408442554918,1.0
BRD2,0.3042173191458566,0.2404340768605843,1.0,1.0
PNN,0.372264146449815,0.35026916606047,0.457727728622191,1.0
ZFP36,0.2274147215945782,0.3835907946772698,0.278963618926952,1.0
EPB49,1.0,0.441830562887089,1.0,1.0
RARA,1.0,1.0,0.131611559380592,1.0
ZC3HAV1,0.372539156910782,0.417925956191423,0.353018767501658,1.0
EIF4ENIF1,0.3398752199894482,0.3606031462150394,0.350167430763041,1.0
HSPA4,1.0,0.2597160246620044,1.0,1.0
DUOX1,0.426170511015734,0.481381920887741,1.0,1.0
EIF4EBP1,0.3247778368414233,1.0,0.309356316987377,1.0
PKP1,1.0,0.2393999310227605,1.0,1.0
RPTOR,0.408914383565313,1.0,1.0,1.0
CYLD,1.0,0.466788188828486,1.0,1.0
ANGPT4,1.0,0.187051514818589,1.0,1.0
PHACTR4,0.263166828869168,0.3693066763111149,0.2416562797666332,1.0
ATL2,1.0,0.472464294285395,1.0,1.0
HMGN1,1.0,0.426645587497718,1.0,1.0
TTC39B,0.1642706387817564,0.462803978743173,0.1448252136328919,1.0
FLII,0.45918706006532,1.0,0.486173031092824,1.0
HAUS6,1.0,0.421142532610042,1.0,1.0
CELSR1,0.433194605683131,1.0,1.0,1.0
WAC,0.481124180032539,1.0,1.0,1.0
FMN1,0.296603376866671,1.0,1.0,1.0
EPHA1,1.0,1.0,0.391157211747786,1.0
PRPF4B,1.0,1.0,0.412244039141161,1.0
MKL2,0.2260418142882448,0.2754783629905901,0.15878393973856,1.0
LYST,1.0,0.391362637450396,1.0,1.0
RSL1D1,0.305870410412728,1.0,1.0,1.0
CEP68,0.291409342925412,1.0,1.0,1.0
MAPK1,0.1409900654481952,0.0940889682650019,0.1335410616585104,1.0
ACIN1,0.244363220638438,0.3030455285872629,0.2670280346480982,1.0
HEATR5A,1.0,1.0,0.301366159204499,1.0
USP37,0.32233877246981,1.0,1.0,1.0
GRB2,1.0,1.0,1.0,0.0
NUP50,0.2897583899024882,0.4501089103898461,0.2373558770297705,1.0
KDM3B,0.4031593604314887,0.4521578771531541,0.4358655778357029,1.0
TMEM55B,0.452537942096824,0.419640023890685,0.4432105607633559,1.0
MCMBP,0.4441196068411724,1.0,1.0,1.0
ARHGAP5,0.3480381049914459,0.3732018057838455,0.347329845912457,1.0
MICALL2,0.47847791530355,1.0,0.498633010143404,1.0
ZZZ3,1.0,1.0,0.46388211111695,1.0
ARHGAP29,0.47521865034968,0.362049846076125,1.0,1.0
AHDC1,0.3437898363099103,1.0,0.4246574910183787,1.0
IFI16,1.0,0.0,1.0,1.0
LNPEP,1.0,0.19362369793932,1.0,1.0
TEX2,1.0,0.393657909464785,0.422671460854083,1.0
KIF5C,0.275392669314321,1.0,1.0,1.0
"GATA2, GATA3",1.0,0.373484392312835,1.0,1.0
VIM,1.0,0.445893096995479,1.0,1.0
IQSEC1,0.2913106307609715,0.2743241707763,0.3476106131817,1.0
C2CD2L,1.0,0.399596448947937,1.0,1.0
PHF3,1.0,0.2832358210891362,1.0,1.0
OSBP,1.0,0.553180691051287,1.0,1.0
RAB12,1.0,1.0,0.492909466600506,1.0
RNF169,0.3235512364273633,0.3803189210350326,1.0,1.0
PRPF3,1.0,0.35050758630076,1.0,1.0
ERBB2,0.4310092823252585,0.3549560084812875,0.2935955614126485,1.0
EFHD2,1.0,0.388447461849632,0.4552684655175265,1.0
SPEN,0.404349063572228,0.455140094935138,1.0,1.0
FRK,1.0,0.1359343306703271,1.0,1.0
BCAR1,1.0,0.3567156338012855,1.0,1.0
CDC42SE1,1.0,0.383524234688224,1.0,1.0
GRIP1,0.4611622020687846,1.0,0.46986239686913,1.0
MYO18A,1.0,0.57608874430022,1.0,1.0
SKA3,1.0,1.0,1.0,0.493597993592406
ARFGAP1,0.347541967974977,1.0,0.344437996203646,1.0
RAB11FIP1,0.398474905332338,0.494103703649293,1.0,1.0
ZMYND8,0.3464141403034483,0.399272879854216,0.3065026845799045,1.0
MBD1,0.482639722113528,1.0,1.0,1.0
RIPK2,0.3603043037458395,0.4672961236827665,1.0,1.0
"ABL1, ABL2",1.0,0.265592260948197,1.0,0.3053593382592755
C18orf25,0.4178782885791695,1.0,0.4480787872879925,1.0
UBASH3B,0.2515391107805265,0.3806327003863955,1.0,1.0
TNS3,0.2323000601690422,0.3360429344604105,0.2433133036001061,1.0
RPL29,1.0,0.37181488696823,1.0,1.0
ADD3,1.0,1.0,0.316398990012439,1.0
PHC1,0.36215148868697,0.4343451462534566,0.489798609842135,1.0
SPTY2D1,0.194937760060992,0.339867228239728,0.231217999574985,1.0
CELF1,1.0,0.47329903789518,1.0,1.0
LRP1,1.0,1.0,0.430294693624592,1.0
SYNRG,1.0,0.480838673426027,1.0,1.0
R3HDM2,1.0,0.286246065550427,1.0,1.0
MICALCL,1.0,0.3802101889566215,0.3698822846658606,1.0
RAD21,1.0,0.511068551430686,1.0,1.0
FAM171A1,1.0,0.538754482446665,1.0,1.0
C5orf30,1.0,1.0,0.494654337832818,1.0
ETV5,1.0,0.580416732545713,1.0,1.0
CCDC88A,1.0,0.5322286185208496,0.453643849424762,1.0
CABIN1,1.0,1.0,0.435801563961062,1.0
SPRR1A,0.491841560925301,1.0,0.4807201012265255,1.0
HTATSF1,0.4264492843962714,0.4277843115888003,1.0,1.0
UNG,1.0,1.0,0.46811215055882,1.0
RBM33,0.382765703866589,1.0,0.314585465401926,1.0
TRA2A,0.3752796942278509,0.50017211112679,1.0,0.481204407475499
LSR,1.0,0.553945024173672,0.4365013953143435,1.0
PHIP,1.0,1.0,1.0,0.471792462490351
ERF,0.3707712622280731,0.3433156588031823,0.3192641218558558,0.482299434022171
TRIP10,1.0,0.571640540048956,1.0,1.0
KIAA1967,1.0,0.4251690604302095,1.0,1.0
ZNF511,0.483782092642494,1.0,1.0,1.0
CLASP2,0.3909599390309199,1.0,0.417179357207698,1.0
ZC3H11A,0.3460679596346663,0.4150074217426558,0.396906895341983,1.0
MICAL1,1.0,1.0,0.212370271425905,1.0
NCOR1,0.46073775846107,1.0,1.0,1.0
TAB3,1.0,0.448863304105122,1.0,1.0
PI4KB,0.455268765335955,1.0,1.0,1.0
SCEL,0.4130965542646917,0.4123100994377585,0.4076358861701141,1.0
LRRC47,1.0,1.0,0.490024392639604,1.0
ZC3H4,1.0,0.596976320519337,1.0,1.0
PAWR,0.2660807797683368,1.0,0.394102596120676,1.0
PLEKHN1,0.3160688506944113,0.460055950590555,0.3613618928342323,1.0
SIX4,0.2418430881863715,1.0,0.176985627301899,1.0
ABCC2,1.0,1.0,0.361026611756972,1.0
PXN,0.2957571513728668,0.2666584659084809,0.3555247790963943,1.0
RMI1,0.428025112583098,1.0,1.0,1.0
ABCC4,1.0,1.0,0.416833956594671,1.0
SGK223,1.0,0.4266044187455702,1.0,1.0
ARHGEF2,0.3656041817678925,0.4620174430916552,1.0,1.0
"GAGE1, GAGE12F, GAGE12G, GAGE12I, GAGE4, GAGE7",1.0,0.499131123221612,1.0,1.0
LYAR,0.4082492975694807,0.4502197672607407,0.4118154927422258,1.0
CLIP2,0.150212777563858,1.0,1.0,1.0
FIP1L1,0.401796304300211,1.0,1.0,1.0
NCOR2,0.356207715666977,0.3873786343236253,0.263095138419771,1.0
PKP3,0.495987410641202,0.2549625300570677,0.417162631139501,1.0
MAP2K2,0.327121959257115,0.310432280628292,1.0,1.0
LIMCH1,1.0,1.0,0.394002314089273,1.0
COIL,0.395342473684893,0.4317396338526275,0.452371839622097,1.0
NUP153,0.3229636317832614,0.4374302804714571,0.3645438237182525,1.0
FAM83A,0.2088539844013646,1.0,0.331155870927555,1.0
SRGAP3,1.0,1.0,0.416385726417006,1.0
"CCNY, CCNYL1",1.0,0.463805436324951,1.0,1.0
KIAA1109,0.33017944724314,0.368590868882581,1.0,1.0
FRS2,0.3800391344369015,1.0,1.0,1.0
CCDC86,0.1265409243872221,0.250283576860021,0.1027481999436041,1.0
PBRM1,1.0,0.437306418364137,1.0,1.0
MLLT4,0.2676760758830612,0.320086249754963,0.1218773050567163,1.0
CNKSR1,1.0,0.491348616781791,0.461001018148381,1.0
TAF9,0.415735431688379,0.450032271571723,1.0,1.0
BSCL2,0.387423479124648,1.0,1.0,1.0
GRB7,1.0,0.4469336978479225,1.0,1.0
DCAF10,1.0,1.0,0.495117057822347,1.0
KIF13B,1.0,0.538332970816676,1.0,1.0
CNKSR3,1.0,0.294295346167308,1.0,1.0
FYB,1.0,0.369894071966938,1.0,1.0
E2F8,1.0,1.0,0.481346033554749,1.0
PLEKHA5,1.0,1.0,0.330066552134477,1.0
MORC2,0.2801089082043148,0.3377038823439125,0.2678599917970657,1.0
HSP90AB1,1.0,0.249299530885712,1.0,1.0
CDCA2,0.433817883207613,1.0,1.0,1.0
TBC1D15,0.3650553897677235,1.0,0.448852244727457,1.0
RASA1,1.0,0.4090457033065789,1.0,1.0
TMF1,0.360102017564084,0.375501863643073,0.356977431224768,1.0
CIRBP,1.0,0.309563580728612,1.0,1.0
EEF2,1.0,0.360993343228985,1.0,1.0
RBBP6,1.0,0.595593604606114,1.0,1.0
OTUD4,0.119767055506033,1.0,0.156308341928905,1.0
ARHGEF1,0.0867130393194504,1.0,0.1557114429950126,1.0
ITPR3,0.381756614472872,1.0,1.0,1.0
MYO10,1.0,0.384743137727736,1.0,1.0
MICALL1,0.1405932035091679,1.0,0.134453869767087,1.0
TSC22D3,1.0,0.492448842657574,1.0,1.0
EPHA2,0.1455385465037693,0.2616853699820314,0.1885780684586312,1.0
FAM111A,0.35870701067613,1.0,0.339192396135002,1.0
ZNF395,0.214002178012329,0.449544006339184,1.0,1.0
RPS14,1.0,0.3781962106674166,1.0,1.0
PCNT,0.300748520570665,1.0,0.285290540299568,1.0
PTPN3,0.3210327748990986,0.356876288389543,0.219677606607766,1.0
STAU2,0.498169339647657,1.0,0.413004111011319,1.0
ZNF721,1.0,1.0,0.184844309478543,1.0
RAB3GAP2,0.325657504997038,1.0,1.0,1.0
GTSE1,0.1628539458593505,1.0,0.254363325469777,1.0
CDC42EP3,0.452256756257116,1.0,0.45251598953037,1.0
ATXN3,1.0,0.344387181733641,1.0,1.0
EFCAB7,0.467085587924965,1.0,0.395468335254388,1.0
PPP6R1,1.0,0.558190719890162,1.0,1.0
KIAA1598,1.0,0.486191797359845,1.0,1.0
ZFYVE16,1.0,0.408135337171365,1.0,1.0
AZI1,0.2373364139546045,0.549876519715648,0.244327499885204,1.0
EPS15,0.3904294587975004,0.3925842422320575,1.0,1.0
PATL1,0.39574380219597,0.4199443709939571,0.4149466413235465,1.0
HNRNPA2B1,1.0,0.314939956618614,1.0,1.0
AKAP12,1.0,0.461251042922094,1.0,1.0
TCF20,0.314680323225972,0.434651941288807,1.0,1.0
ZBTB7A,1.0,0.408367083104746,1.0,1.0
MAST4,1.0,1.0,0.45986489341624,1.0
WASL,1.0,0.2418218817083644,1.0,1.0
ARHGEF10L,0.459065582948513,1.0,1.0,1.0
UBR4,0.360758311172527,1.0,0.425677782384251,1.0
CRCT1,1.0,0.484650783570486,1.0,1.0
ASCC2,0.3024691410614905,1.0,0.3114837419291834,1.0
NPRL3,1.0,0.381766458054543,1.0,1.0
CUEDC1,0.466462441644005,1.0,1.0,1.0
MARK2,0.345449508312172,1.0,0.28815556726328,1.0
DVL3,0.4053406520952536,1.0,0.444352888197745,1.0
FOSL1,0.3700835224603095,0.411465601399372,0.384767236011624,1.0
ARHGEF12,0.1087594283672397,0.3325973816562985,0.1144655725391621,1.0
PLEKHA6,0.3581541973558135,0.1345145039015512,0.359048656084316,1.0
CGN,1.0,1.0,0.477815640842284,1.0
GTF3C1,1.0,1.0,1.0,0.485618016038499
MBP,1.0,1.0,0.411080532234608,1.0
FAM126B,1.0,0.492731446897662,1.0,1.0
THRAP3,0.329670327847855,0.334277374225735,0.3297451770619354,1.0
MAP3K6,0.380643380406299,1.0,1.0,1.0
PPP1R3D,0.351915817583775,1.0,1.0,1.0
IBTK,0.3136062329782028,0.301309462991655,0.4470700240634546,1.0
MKNK2,0.4245342728278445,1.0,1.0,1.0
EHBP1,0.2366549202209649,0.5077759467242112,0.2077319743580417,1.0
EMD,0.2418513324072313,1.0,0.260659128952129,1.0
DDI2,0.2216387581945409,0.335253532559956,0.1980191264574635,1.0
KIF3A,0.30636345100561,1.0,0.348397070378141,1.0
ZSCAN1,0.33951261979864,1.0,1.0,1.0
NCK2,1.0,0.220842890036204,1.0,1.0
CCDC64B,0.472447341352356,1.0,1.0,1.0
FAM188B,1.0,0.450975548951896,1.0,1.0
DSG3,0.364002829554297,1.0,0.308871405726749,1.0
TRIOBP,0.4019954314672,0.498496752227328,0.4253926220941295,1.0
FRA10AC1,0.375012415832029,1.0,0.421435091406575,1.0
LRRC1,1.0,0.473074200130776,1.0,1.0
SHROOM3,0.2407733192749582,0.3758484813363168,0.2832008208635614,1.0
WHSC1L1,0.342972595169067,0.3608241461882345,0.357468967061937,1.0
BCR,0.2784054452459026,0.3105197854139053,0.3113728922916266,0.324913855288123
ZYX,0.419709658030507,1.0,0.305477982698699,1.0
"RPS6KA1, RPS6KA3",0.0885964280386471,0.458608482946469,0.0873440361296395,1.0
ANO1,1.0,0.457835626217295,1.0,1.0
PTPN7,1.0,0.3579146628017877,1.0,0.46307815461344
ZNF337,0.426999462672773,0.479252895901493,1.0,1.0
EPS15L1,1.0,0.488982712899688,0.418174651706131,1.0
CRIP2,0.416627847478126,1.0,0.473244910574723,1.0
DTNBP1,0.365036209726543,1.0,1.0,1.0
FOXK2,1.0,0.4943472232887,1.0,1.0
NDRG2,0.424191518775626,1.0,1.0,1.0
ITSN2,1.0,0.1567623942383122,1.0,1.0
TBC1D22B,0.484774893807581,1.0,1.0,1.0
PHF5A,1.0,0.36688293938158,1.0,1.0
NCAPD3,0.382551087657485,0.304765308107345,1.0,1.0
DDRGK1,0.0322081861739815,1.0,0.0962704881620371,1.0
MIER1,1.0,0.484580387116686,1.0,0.468615922752828
PDXDC1,1.0,0.458189547744527,1.0,1.0
DOCK5,1.0,0.4877617086407262,0.400027411007832,1.0
ZNF592,0.43296310496745,1.0,1.0,1.0
SPRR2D,0.474573484660749,1.0,0.3763238564391445,1.0
CAST,0.3258305750701374,0.434122233069337,0.293047365738554,1.0
ATF7,0.186094239450304,0.2068629065231279,0.244255865469983,1.0
FOXO1,0.433380880382924,0.490452570370963,0.385817707140495,1.0
TRIM56,0.377520092979004,1.0,1.0,1.0
DUSP16,0.343928541893863,1.0,0.3379047252907265,1.0
ZNF891,1.0,0.160038481052079,1.0,1.0
ZKSCAN1,0.244240554583549,1.0,1.0,1.0
CEP350,1.0,0.455997186214075,1.0,1.0
ANKRD11,0.3937004586081349,0.596917422162807,1.0,1.0
EIF4EBP2,0.272635236450028,0.3571579289214105,1.0,1.0
BIN1,1.0,1.0,0.460664942390504,1.0
RPL28,1.0,0.2263050754322859,1.0,1.0
SGTB,0.104178937742845,0.40089922758419,0.0999238507357109,1.0
NEK9,0.1821980724614093,0.2083134831110315,0.1210536310263962,1.0
TXNIP,1.0,0.361611249854046,1.0,1.0
RAC1,1.0,0.305909236783232,1.0,1.0
MFN2,0.486269825869395,1.0,1.0,1.0
ENAH,0.4447255649272656,1.0,0.48887052658687,1.0
NCBP2,0.3782271975696604,1.0,1.0,1.0
SCRIB,0.3053508921620748,0.531107540257534,0.43580196348592,1.0
UBE2O,1.0,1.0,1.0,0.374581954281729
KIF21A,1.0,0.393184045251146,1.0,1.0
FAM208A,0.370660764820075,0.396969299666188,0.307616124865018,1.0
MRF,1.0,0.385728357326802,1.0,0.374053296749777
NCKAP5L,1.0,0.415133360072863,1.0,1.0
SGK3,1.0,0.597289148667446,1.0,1.0
TOP3A,0.406070741836361,0.454603478690721,0.404539180932466,1.0
ST5,0.19695551056837,1.0,1.0,1.0
AFAP1L2,1.0,0.541962718646775,1.0,1.0
AFF4,1.0,0.299353000026202,1.0,1.0
CDCA5,0.4475272163109642,0.425016566559175,0.4118405010307195,1.0
ANKS1A,0.449719467470505,0.1759291500662685,0.473457185654563,1.0
TRIM24,0.3460586985391257,0.351532707400819,0.40334592158893,0.487328644546788
ZFP36L2,0.339033090152656,0.430542825806002,0.3935415004579595,1.0
ZDHHC8,0.252630011581567,0.39495628639173,1.0,1.0
NDRG1,0.37191499021655,0.4178699851443016,0.3797876126990862,1.0
EIF4G3,1.0,1.0,0.473763237294524,1.0
EPHB2,1.0,0.415173560571035,1.0,1.0
SKAP2,0.288533562448995,0.4031445078615973,0.3137451081735852,1.0
HOGA1,1.0,1.0,0.276403220276183,1.0
SND1,0.357503945303957,0.447657174753022,0.320663784401607,1.0
APBA3,1.0,0.48215689183347,1.0,1.0
"ANK2, ANK3",0.463755373057601,1.0,1.0,1.0
CIC,0.2818501127191085,0.3248240883713263,0.19195094018048,0.332157241101534
RAB3GAP1,0.3500704201680352,0.374377704906018,0.4243835419098616,1.0
SFT2D1,1.0,0.288421220179123,1.0,1.0
SRSF2,1.0,1.0,1.0,0.4195461596732624
"PYGB, PYGM",1.0,0.462852001780372,1.0,1.0
PRKRIP1,1.0,1.0,0.384327566191441,1.0
TULP4,0.170325350918099,0.4389990292449965,0.216128559098023,1.0
PRKAR2A,1.0,1.0,0.380848394441345,0.493276877016598
TCEA1,0.3144001323061955,1.0,0.355189608886952,1.0
AFTPH,1.0,0.443726313147746,1.0,1.0
MAST2,1.0,1.0,0.499314776636957,1.0
NHSL1,0.3499235364046442,0.470032762826705,1.0,1.0
LEMD2,0.291832290951544,1.0,1.0,0.3879609535212942
PIP5K1A,1.0,0.398454443808538,1.0,1.0
BCL3,0.1958274675018734,0.2741545274349133,0.1146646070671013,1.0
GSK3B,0.189150553693688,0.252242009399584,0.478868055512609,1.0
C6orf132,0.367855192824836,0.4299158555084305,0.4044611535954124,1.0
ZDHHC5,0.3667844655410937,0.498089290393745,0.2856857815775103,1.0
SF3B1,1.0,0.498905316783997,1.0,1.0
HJURP,1.0,0.441786680568883,1.0,1.0
FAM193A,1.0,0.533354417667517,0.324134975186169,1.0
SEC22B,0.3570286383257435,1.0,1.0,1.0
ERBB2IP,0.3972845419675165,0.3792337031624669,1.0,1.0
RAI14,0.380500614672299,0.406840426429933,0.2611603571759585,1.0
TLN1,1.0,0.520685566955412,1.0,1.0
MDC1,0.4248690828080815,0.390622364720599,1.0,1.0
GGT7,0.479782322227794,0.480818587108432,1.0,1.0
SLK,1.0,0.451984883983474,1.0,1.0
FAM83B,0.219889743642879,0.490271489431165,1.0,1.0
KDM5A,0.272759060007137,1.0,0.211904725990135,1.0
HBS1L,0.1880449202997193,0.3073111523268024,0.1291158022592256,1.0
DOK2,1.0,0.31580466129907,1.0,1.0
APC,1.0,0.471335405902692,1.0,1.0
PCBP2,1.0,0.571862107973814,1.0,1.0
MKI67,0.2338696670149169,0.3139830946396619,0.285579145006978,1.0
WRNIP1,0.4147440145128513,0.42221216900549,1.0,1.0
CTDSPL2,0.3262899007793101,0.455986322309154,0.4350878172924975,1.0
AMPD2,0.399298606963621,0.5236999504671715,1.0,1.0
LIN9,0.1396049134785868,0.3629709326937823,0.1555299986214144,1.0
TMEM63B,0.176696517529572,0.2984147991459405,1.0,1.0
RBM26,0.2455908930772763,0.275056910337868,0.281698889246356,1.0
PVR,1.0,0.59559222111208,1.0,1.0
NOB1,1.0,0.3059875813681925,1.0,1.0
YTHDC1,0.210286286767577,0.345648271224898,0.4534306284454255,1.0
OPTN,0.254797650031515,1.0,0.386064799308818,1.0
IRS1,0.4824692708487215,0.339689018476109,0.426760254422415,1.0
DKC1,1.0,0.500319767790301,1.0,1.0
FLNB,1.0,1.0,0.469936913687724,1.0
IKZF4,1.0,0.430929023551411,1.0,1.0
ETV3,0.1527505485152248,0.3011927433424916,0.1602306952421016,1.0
SMARCC1,0.413556659102156,0.321038567047534,0.345072215321246,1.0
BRAF,0.3801449180778244,1.0,0.4031731320485487,1.0
USP14,0.1985930782472655,0.5775663391375,1.0,1.0
SGTA,0.4128901320031848,0.4334159804920422,0.3845136872021329,1.0
EPS8,1.0,1.0,0.348584162674206,1.0
DDX21,1.0,0.0,1.0,1.0
NQO1,1.0,1.0,0.389873517739782,1.0
ATAT1,1.0,1.0,0.419490865377937,1.0
KLC4,1.0,1.0,0.427242123603563,1.0
UBXN7,0.388869706207869,0.411448418104146,1.0,1.0
PKP2,0.32715079659604,0.3904853289493583,0.495757085673033,1.0
NCOA6,1.0,0.309510951634549,1.0,1.0
TOM1L1,1.0,0.115007564702243,1.0,1.0
IRF9,0.1525203066223744,1.0,0.184697030602029,1.0
LIMD1,1.0,0.458808773096059,0.45400766606628,1.0
MLX,1.0,1.0,0.482729493431265,1.0
TJP2,0.20056149916466,0.1883311001520897,0.2093350117392987,0.1628707425801855
DHX30,1.0,0.3304839739168586,1.0,1.0
MARK3,0.406595930271796,1.0,0.4292789191284685,1.0
PPP2R3A,0.481404480667151,1.0,1.0,1.0
GSK3A,0.277441062648116,0.426545094954581,0.277696004162998,1.0
PPP1R12C,0.372941124570956,1.0,0.320373225531614,1.0
VASP,1.0,0.580675797684647,1.0,1.0
TBC1D5,0.1505390260335493,0.4205458043310233,0.1754735170019466,1.0
EIF3B,1.0,1.0,1.0,0.358040403880728
MAP4K3,1.0,0.573422257922767,1.0,1.0
RTKN,0.3558038990729544,0.4145842757461953,0.426445892477644,1.0
SCYL2,1.0,0.457789968867586,1.0,1.0
GTF2F1,0.314360937982625,1.0,0.2959297136940775,1.0
AP2B1,1.0,1.0,0.455242419452826,1.0
EPN3,0.414949112313011,0.383124196082965,1.0,1.0
MAP7D1,0.4023970813209925,1.0,0.45688138845639,1.0
ZNF687,1.0,0.3554542981376456,0.359130140171771,1.0
TPD52,0.3377163093191586,0.351405815325499,0.2892528137719618,1.0
SOS2,0.2616685049628707,1.0,0.264402226753907,1.0
NUP214,1.0,0.5078716305040675,1.0,1.0
EIF2B4,1.0,0.199447046729708,1.0,1.0
DICER1,0.2398712120123252,1.0,1.0,1.0
MAP4,0.16728591866128,0.305838177517943,1.0,1.0
ESYT2,0.436456102501891,0.418260064175082,1.0,1.0
ARHGEF37,1.0,0.413640083973376,1.0,1.0
TRRAP,0.239553100360669,0.240507497529836,1.0,1.0
MAGEA4,0.310053682321854,1.0,0.289834685893061,1.0
PLCG1,1.0,1.0,0.427985047413816,1.0
TACC2,0.3423239659555486,1.0,0.3176740061408525,1.0
KANK2,0.2678974359550676,0.507071594881562,0.222454305819673,1.0
MED1,0.0880848516590313,1.0,1.0,1.0
ZBTB1,0.260967090685656,0.325153615959138,0.3351521903762592,1.0
GPRC5C,1.0,0.116473246902206,1.0,1.0
WAS,1.0,0.095078837825963,1.0,1.0
TRERF1,0.420759230723566,0.2919040459297576,1.0,1.0
RPS11,0.404031528947922,1.0,0.433866493212178,1.0
"ANP32A, ANP32D",0.446325532688264,1.0,1.0,1.0
"CDK1, CDK2, CDK3",1.0,0.561278284911039,1.0,1.0
FILIP1L,0.292056973220468,0.305729705998257,1.0,1.0
BCL2L11,0.1688274163859913,0.30568741700051,0.2220249808087566,1.0
TBC1D22A,0.351926026283669,1.0,1.0,1.0
ARFIP2,0.0661457927029985,1.0,0.0925112329527977,1.0
DLGAP4,0.4402347328628228,0.4914280315730555,0.4315070138521455,1.0
TMEM184B,1.0,0.2899719204041375,1.0,1.0
DLGAP5,0.274353943291737,1.0,1.0,1.0
APPL1,1.0,1.0,0.395241397028196,1.0
"TCEB3C, TCEB3CL",0.30443150121066,1.0,1.0,1.0
HMGXB4,0.282039874295102,0.3777137745449673,0.3248636484144838,1.0
MACF1,0.2816385712134387,0.3345565386671399,0.30242578609027,1.0
NUP107,0.435507795179242,1.0,0.416275674419994,1.0
RBM15,1.0,1.0,0.389865149652146,1.0
ADAR,0.462883614856551,0.567838519286248,0.47951087813658,1.0
SYNPO,1.0,0.450848502201073,1.0,1.0
SLC9A7,0.2001392031470148,0.3148834161064985,0.1471515649863581,1.0
TJP1,0.332346792391154,1.0,1.0,1.0
MAP1S,1.0,1.0,0.457869847459277,1.0
RAPGEF1,1.0,0.266387776279495,1.0,1.0
ABCC3,1.0,0.564423605502129,1.0,1.0
SPECC1L,1.0,0.397213477971397,1.0,1.0
RBM34,0.3113254628458979,0.3775202292562343,0.3481116915962543,1.0
HNRNPC,1.0,0.4915428283457524,1.0,1.0
"CSDA, YBX1, YBX2",0.2280861328587934,0.570966901619729,0.42268109830476,1.0
SH3BP1,1.0,0.4076562528859206,1.0,1.0
BCL9,0.401666826230011,1.0,0.446007675664875,1.0
KLC3,0.2108398181427222,0.2028126131432484,0.1295895838309305,1.0
SH3BGRL2,0.1091798712978514,0.2417203956760895,0.103080766363761,1.0
SF1,1.0,1.0,0.47123623935369,1.0
NDE1,0.439508698342974,1.0,1.0,1.0
UBE2H,0.444958914543231,0.398560849630232,1.0,1.0
C15orf39,0.204172216304876,0.390920087874575,0.222220441800618,1.0
"EPHB1, EPHB2",1.0,0.0604082908845463,1.0,1.0
CEP170,0.3386965096080445,0.38255024570117,0.3918718966433748,1.0
PRDM2,0.381702812745574,0.368957284999148,0.377533818090824,1.0
CDK18,1.0,1.0,0.458864636866626,1.0
GAB1,0.1518296956984839,0.327193987058073,0.105794822546121,0.112997502703644
ZNF318,0.2540132390031283,0.3394582769926096,0.3034790380507792,1.0
PWWP2B,0.490868134287663,1.0,1.0,1.0
OGFR,0.486479144810724,1.0,0.475482147087785,1.0
UBAP1,0.279396396375305,0.47573182635903,0.322624547283496,1.0
NTHL1,0.496795074290451,1.0,1.0,1.0
KLF13,0.2403665516044895,1.0,0.244637163426884,1.0
KDM4B,0.479856463831677,1.0,1.0,1.0
MYCBP2,0.4336421167927674,0.443314495677195,0.3213065649774985,1.0
PHLDB2,0.2584232810741927,0.3320418831593472,0.2444533714874419,1.0
SNAP23,1.0,0.328449686140149,1.0,1.0
BTK,1.0,0.3333965251980236,1.0,1.0
PARN,0.2600274150151156,0.323222037443932,1.0,1.0
"STAT5A, STAT5B",1.0,0.159685922419071,1.0,1.0
CSDA,1.0,0.385599667098791,1.0,1.0
RELB,0.448055989350697,0.334832353635783,1.0,1.0
KATNB1,0.376275359478529,1.0,0.295139241171876,1.0
RASGRP2,1.0,0.417280286476007,1.0,1.0
DENND1B,0.2741834301547632,0.463716591376037,0.3440793747244093,1.0
SVIL,0.2943671475709919,0.3957203505998955,0.3170140866763413,1.0
UTRN,0.267221958014612,1.0,1.0,1.0
MLTK,1.0,0.3508992445460492,1.0,1.0
RDBP,0.3976712601147714,0.476801119218797,1.0,1.0
TBC1D8,1.0,1.0,0.3427973888348865,1.0
SMCR8,1.0,0.408970001842149,0.310370274393906,1.0
CDC5L,1.0,0.4212697594065187,1.0,1.0
DDX20,0.1712823788539936,1.0,0.179742386852244,1.0
ITCH,0.3812287122424953,0.4272292134727605,0.4409723071513996,1.0
PKMYT1,1.0,0.306597920271234,1.0,1.0
MAP4K5,0.338247042150009,0.3619550551973027,0.392061743770928,1.0
MEF2D,1.0,1.0,0.3987562291161804,1.0
ANXA5,1.0,1.0,0.30713780667499,1.0
DAPK1,0.345010480431561,1.0,1.0,1.0
SH2D4A,1.0,0.586757124006188,1.0,1.0
RRAGC,0.448043160829085,0.4581986773072395,0.497500523535599,1.0
DLG5,0.419256240288408,1.0,1.0,1.0
CABLES2,1.0,0.450970852412052,1.0,1.0
NCK1,0.460133356139167,1.0,1.0,1.0
MLF1,0.386150492239242,0.458505460728609,1.0,1.0
LMNB1,1.0,0.492415429937321,1.0,1.0
UBAP2L,1.0,0.467331807149331,0.347609314198721,1.0
AKT1S1,0.1829377067138821,0.2908240719121311,0.2242920307337685,1.0
MORC3,0.4547465516075105,0.365986524433285,1.0,1.0
CARD11,1.0,1.0,0.463835259635134,1.0
LPHN2,1.0,1.0,0.481273884362137,1.0
TAB2,0.2910033972691885,0.273814625896802,1.0,1.0
DIDO1,1.0,0.345010378496022,1.0,1.0
FXR1,1.0,1.0,0.431878457535497,1.0
HSPB1,0.250419671093146,0.3529171413029593,1.0,1.0
"FYN, LCK, SRC, YES1",1.0,0.4854714668746702,1.0,1.0
LRCH4,0.310027784233525,0.418369382724206,0.494498074986454,1.0
BABAM1,1.0,0.335365475839237,1.0,1.0
RPAP1,0.115001322612108,1.0,1.0,1.0
ZMYM2,1.0,0.437647806687367,1.0,1.0
SLC20A2,0.2654743727667304,0.28753299866128,0.262905392753815,1.0
SEMA4C,0.384977803257498,0.376351865446494,0.335936713687665,1.0
INPP4A,1.0,0.594628385715299,1.0,1.0
"ARHGEF35, ARHGEF5",1.0,0.443453585817862,1.0,1.0
AMOTL1,0.374825368264409,1.0,0.428403681142196,1.0
ZC3HC1,0.389307024194249,1.0,0.4306442790972727,1.0
NUFIP2,0.411058543549481,1.0,0.378694495828159,1.0
ARID5B,1.0,0.46817031919867,1.0,1.0
ITGB4,0.261070532058726,0.312574426542522,0.3054999258898856,1.0
"CEP170, CEP170P1",0.363496164518777,0.307572810762801,1.0,1.0
CDC42BPB,0.295380163548637,0.3947301178670155,1.0,1.0
HDGF,0.1383011473187655,0.192303293449752,0.213137470361786,1.0
TXLNG,0.267478100823207,0.199455611401708,1.0,1.0
IFT88,0.131922698524521,1.0,0.2330362124355375,1.0
NFKB2,0.1583880706416409,1.0,0.1257108368014338,1.0
NASP,1.0,0.437439355609329,1.0,1.0
IQGAP1,1.0,0.183382491856527,1.0,1.0
LDLRAP1,0.348586573785011,0.343702465547163,1.0,1.0
EXOC7,1.0,1.0,0.422949012885824,1.0
FAM21C,0.0954450221697086,1.0,1.0,1.0
FOXO4,0.4165789592734539,1.0,0.390891542734124,1.0
PDE4DIP,0.354703520133169,0.48039292769864,1.0,1.0
GDI2,1.0,0.103893848556884,1.0,1.0
FRMD8,0.48392955662006,0.490760653314065,1.0,1.0
NUP98,0.455493489330815,0.454472894690548,0.4683957858867005,1.0
TNKS1BP1,0.3350875784739504,0.5173857011304756,0.3821940447102114,1.0
MARCKS,0.4578428259012727,1.0,0.434882723896292,1.0
JUNB,0.40370589883962,1.0,0.44075431450005,1.0
ACACA,0.2373994491631066,0.367735645942068,0.2276774587298774,1.0
"ARHGEF6, ARHGEF7",1.0,0.4486178343249662,1.0,1.0
PTPN21,0.325374196160812,1.0,0.3762998762687187,1.0
MIA3,1.0,0.557354954959858,1.0,1.0
SRRM2,1.0,0.237253095922643,0.41375286456904,0.379712316797199
FOXK1,0.3980073513780116,0.4292135552868292,0.4298216391869638,1.0
ZBTB11,0.157335675270705,1.0,0.1843296699908813,1.0
PHF13,0.452533588420594,1.0,1.0,1.0
ELK1,1.0,0.46858701974732,1.0,1.0
SH2D1B,1.0,1.0,1.0,0.438665765709895
MARK4,0.374777606211828,1.0,0.4026972928512065,1.0
TFRC,1.0,0.438247052226286,1.0,1.0
METTL1,0.3297038392055815,1.0,1.0,1.0
EGFR,0.243794648839535,0.1928727172027268,0.445149325843545,1.0
SHC1,0.2100740347546743,0.2058583048965526,0.2193667570273619,0.0481690704682601
PACS1,0.1420382535646522,1.0,0.2041376642396675,1.0
LENG1,0.43846081655079,0.436581494898817,1.0,1.0
NFATC3,0.255418868387868,1.0,0.3172212234331497,1.0
PI4KA,1.0,0.471479187466367,1.0,1.0
PALLD,0.3877947364972849,1.0,0.3394976523125415,1.0
DOCK7,0.4265369049383833,0.512139969451954,1.0,1.0
FAM83G,0.474163223850622,1.0,1.0,1.0
RANBP2,0.4102853139182578,0.3981723155033364,0.3831825048737645,1.0
NLRP2,0.478382945671586,1.0,1.0,1.0
CSNK1D,1.0,0.492570657906566,1.0,1.0
UBR5,0.3235702692561661,0.4123338143644482,0.43231073253765,1.0
RSBN1,0.493764671863144,1.0,1.0,1.0
PCIF1,0.2651735665370275,0.273099435143865,1.0,1.0
NAB2,0.350724331741195,1.0,1.0,1.0
EIF4G1,0.4106708706289296,0.598558267298732,0.396090085181036,1.0
MAPKAPK3,1.0,0.268851433359124,1.0,1.0
"HSP90AA1, HSP90AB1, HSP90AB2P, HSP90AB3P, HSP90AB4P",1.0,0.351648161754194,1.0,1.0
ZNF280C,1.0,1.0,0.472396429864688,1.0
KLC2,0.442239106363255,1.0,0.403382429213822,1.0
RALY,1.0,1.0,1.0,0.491532676039156
CDH3,1.0,0.0527375962345179,1.0,1.0
ZFP64,1.0,0.236789537431374,1.0,1.0
THOC5,0.161072378778013,0.3583422250655559,0.2491782693686181,1.0
BMI1,0.289430260897847,0.1546205977568383,0.2455632586311026,1.0
C14orf43,0.311453551067417,0.239666530566586,0.450675101789991,1.0
SLC20A1,1.0,1.0,0.327352746091825,1.0
FKBP15,0.406678773905352,0.425508815291351,0.3612241656650298,1.0
DAB2IP,0.2182179781489791,0.4431309156345293,0.305453508432037,1.0
RPS6KA1,0.1425810552028119,0.394523384366225,0.236369195133569,1.0
ARAP3,0.354996686085384,0.465456806098682,1.0,1.0
"AQP7, AQP7P3",1.0,0.231564752141004,1.0,1.0
DENND4A,0.223500960835535,0.455318927166251,0.256796600508721,1.0
RPL15,1.0,0.375356827968021,1.0,1.0
SZT2,0.246389892683053,1.0,0.349182499056424,1.0
GRHL1,1.0,1.0,0.260125902134819,1.0
IRF2BP1,1.0,0.477874362492014,1.0,1.0
R3HCC1L,0.3989232625409065,1.0,1.0,1.0
ANKIB1,0.315113152058711,0.417746137500914,1.0,1.0
LBR,0.261875934864421,0.438669778534507,0.406672172557224,1.0
FOS,1.0,0.383636948443945,0.1259740820211595,1.0
MAF1,0.3767334441945055,0.420403782845608,0.3621031920743346,1.0
PPFIBP1,0.3882441642044673,0.305185491015157,0.4074354486094235,1.0
TPR,0.321115195152975,0.0740098099771181,0.3209743917087836,0.2748558330518083
PNISR,0.335928346458259,1.0,1.0,1.0
ANKZF1,0.1970743104217105,0.3501933579590585,0.1968996448417032,1.0
SIPA1L1,0.4044629656511883,0.416275636026624,0.433852944777889,1.0
MAPK14,0.2913282480233654,0.252131064131713,1.0,1.0
PML,0.2581938927680432,0.3915414258199957,0.316224691384053,1.0
RPL5,1.0,0.455410065175807,1.0,1.0
EIF4B,0.2363640603868368,0.548725187526076,0.2426252175042726,1.0
GIGYF2,0.3588715996572886,0.3895718085657881,0.2617137275629903,1.0
CDK16,1.0,0.421448376648279,1.0,1.0
ZNF420,1.0,1.0,0.338564386343775,1.0
ANXA2,1.0,0.1950419138155912,1.0,1.0
NUF2,0.204011018639584,0.389197398651573,1.0,1.0
CASP9,0.482595605078702,1.0,1.0,1.0
UCK2,0.447758129801955,1.0,0.49541751273528,1.0
"FAM21A, FAM21B, FAM21C",0.2650089144312149,0.3375093599757191,0.3099622119089829,1.0
ABLIM1,1.0,0.559150111057449,0.270139991533699,1.0
FAM129A,0.2578270837748593,0.489940202151236,1.0,1.0
PER1,1.0,0.509170770843794,1.0,1.0
KANK1,0.410748143105916,1.0,0.350977915432041,1.0
CLN6,0.2765276412925785,1.0,0.4615011026122606,1.0
PPL,1.0,0.3105851113248585,0.250053181758724,1.0
ARHGEF5,0.369121161420835,0.3278528222493495,0.2399907763949375,1.0
ANKLE2,1.0,1.0,0.469680816602905,1.0
OCLN,0.366038687771799,1.0,0.415527761459088,1.0
TOP2A,0.247616307829005,0.36918530925953,1.0,1.0
DMXL1,0.295353097262896,0.3983112605850515,1.0,1.0
NUMB,1.0,0.26617321389442,1.0,1.0
CLASP1,0.210705579334516,1.0,0.48143378103568,1.0
USP54,0.418098190400164,0.362937962455248,1.0,1.0
MYO1E,0.3333042575669733,0.4109106901321266,1.0,1.0
MELK,0.2246057019148995,1.0,0.2031174009480672,1.0
FAM83H,0.1463622106252094,0.491666276899447,0.337932143054966,1.0
"MYC, MYCN",0.3814921965749732,0.4455473785460977,0.3886502700247867,1.0
