Gene Name,Uniprot,Protein Name,Modification Type,Cell Line,Regulation,Combination Treatment,Duration,# Curves,Max -Log10(EC50),Max Fold Change,Max R²,Min -Log10(EC50),Min Fold Change,Min R²,Average -Log10(EC50),Average Fold Change,Average R²,Median -Log10(EC50),Median Fold Change,Median R²,-Log10(EC50) Standard Dev.,Fold Change Standard Dev.,R² Standard Dev.
BCL9L,Q86UU0|Q86UU0-2|Q86UU0-3|Q86UU0-4,"B-cell CLL/lymphoma 9-like protein, Isoform 2 of B-cell CLL/lymphoma 9-like protein, Isoform 3 of B-cell CLL/lymphoma 9-like protein, Isoform 4 of B-cell CLL/lymphoma 9-like protein",Phospho,A549,down,None,1 h,1,8.674630588310038,0.523961261838284,0.87430233632037,8.674630588310038,0.523961261838284,0.87430233632037,8.674630588310038,0.523961261838284,0.87430233632037,8.674630588310038,0.523961261838284,0.87430233632037,0,0,0
ACIN1,Q9UKV3|Q9UKV3-5,"Apoptotic chromatin condensation inducer in the nucleus, Isoform 4 of Apoptotic chromatin condensation inducer in the nucleus",Phospho,A549,down,None,1 h,2,8.598486723509696,0.546145173475099,0.913429654902716,8.531417634315535,0.462764003904811,0.842244246039444,8.564952178912616,0.504454588689955,0.87783695047108,8.564952178912616,0.504454588689955,0.87783695047108,0.047425007777197575,0.05895939042641606,0.05033568532875657
RPS6,P62753,40S ribosomal protein S6,Phospho,A549,down,None,1 h,18,8.485560254974532,0.441746378005525,0.998463444841452,7.87235259806828,0.137882056476865,0.876932020246107,8.009994231354108,0.2980628279111588,0.9668833750732807,7.936406965351971,0.281195805123595,0.9722526627329855,0.1813452805616793,0.08869045668218746,0.026736935396286986
EIF4G1,Q04637|Q04637-3|Q04637-4|Q04637-5|Q04637-6,"Eukaryotic translation initiation factor 4 gamma 1, Isoform B of Eukaryotic translation initiation factor 4 gamma 1, Isoform C of Eukaryotic translation initiation factor 4 gamma 1, Isoform D of Eukaryotic translation initiation factor 4 gamma 1, Isoform E of Eukaryotic translation initiation factor 4 gamma 1",Phospho,A549,up,None,1 h,4,8.179448599609795,3.03698866380064,0.983360901656242,8.067158333332381,2.50338054563986,0.959745048345562,8.1302986966367,2.7953773499759924,0.971557945700543,8.137293926802311,2.820570095231735,0.971562916400184,0.0492498938062328,0.2247494482896452,0.0106802283782624
USP8,P40818,Ubiquitin carboxyl-terminal hydrolase 8,Phospho,A549,down,None,1 h,1,5.793582719502716,0.437574161270337,0.783440622168123,5.793582719502716,0.437574161270337,0.783440622168123,5.793582719502716,0.437574161270337,0.783440622168123,5.793582719502716,0.437574161270337,0.783440622168123,0,0,0
LARP1,Q6PKG0|Q6PKG0-3,"La-related protein 1, Isoform 2 of La-related protein 1",Phospho,A549,down,None,1 h,4,8.070488703739093,0.550525429465146,0.998160297149136,7.564479627539225,0.192094106945595,0.971571452676139,7.867869412953988,0.4122860618234143,0.990255314808663,7.918254660268817,0.453262355441458,0.9956447547046885,0.2147958555511567,0.16112164203253057,0.012512263709841273
SBNO1,A3KN83|A3KN83-2|A3KN83-3|A3KN83-4,"Protein strawberry notch homolog 1, Isoform 2 of Protein strawberry notch homolog 1, Isoform 3 of Protein strawberry notch homolog 1, Isoform 4 of Protein strawberry notch homolog 1",Phospho,A549,down,None,1 h,1,8.846298021399647,0.463779355548281,0.953839580781198,8.846298021399647,0.463779355548281,0.953839580781198,8.846298021399647,0.463779355548281,0.953839580781198,8.846298021399647,0.463779355548281,0.953839580781198,0,0,0
PCYT1A,P49585,Choline-phosphate cytidylyltransferase A,Phospho,A549,down,None,1 h,1,8.442083653121,0.573733648221879,0.756268372556643,8.442083653121,0.573733648221879,0.756268372556643,8.442083653121,0.573733648221879,0.756268372556643,8.442083653121,0.573733648221879,0.756268372556643,0,0,0
LAMTOR1,Q6IAA8,Ragulator complex protein LAMTOR1,Phospho,A549,down,None,1 h,2,8.229241525632675,0.472126711774241,0.993365134641142,7.707586134969837,0.260743702635797,0.96820300047933,7.968413830301256,0.366435207205019,0.980784067560236,7.968413830301256,0.366435207205019,0.980784067560236,0.3688660641802104,0.14947035918941168,0.01779231569494296
ZFC3H1,O60293|O60293-2,"Zinc finger C3H1 domain-containing protein, Isoform 2 of Zinc finger C3H1 domain-containing protein",Phospho,A549,up,None,1 h,1,8.177454926146192,1.70670718273844,0.88758856213848,8.177454926146192,1.70670718273844,0.88758856213848,8.177454926146192,1.70670718273844,0.88758856213848,8.177454926146192,1.70670718273844,0.88758856213848,0,0,0
TRIP12,Q14669,Probable E3 ubiquitin-protein ligase TRIP12,Phospho,A549,down,None,1 h,2,8.640012437792203,0.330539389206053,0.965073567718538,7.514033082471334,0.321148566877318,0.936931788087156,8.077022760131769,0.3258439780416855,0.9510026779028471,8.077022760131769,0.3258439780416855,0.9510026779028471,0.7961876376234435,0.006640314149566567,0.019899243212007697
WNK1,Q9H4A3|Q9H4A3-2|Q9H4A3-5|Q9H4A3-6,"Serine/threonine-protein kinase WNK1, Isoform 2 of Serine/threonine-protein kinase WNK1, Isoform 4 of Serine/threonine-protein kinase WNK1, Isoform 5 of Serine/threonine-protein kinase WNK1",Phospho,A549,down,None,1 h,2,7.101715960569428,0.550244221071592,0.995438533363776,7.080607554014395,0.296555477179106,0.897885594161067,7.0911617572919114,0.423399849125349,0.9466620637624215,7.0911617572919114,0.423399849125349,0.9466620637624215,0.014925897415106474,0.17938503111707416,0.06898034483491454
AKT1S1,Q96B36|Q96B36-2,"Proline-rich AKT1 substrate 1, Isoform 2 of Proline-rich AKT1 substrate 1",Phospho,A549,up,None,1 h,2,7.306069039116303,2.6036425929714,0.926980865100269,6.956449458925421,2.15187157538737,0.922615526365082,7.131259249020863,2.377757084179385,0.9247981957326755,7.131259249020863,2.377757084179385,0.9247981957326755,0.24721837598856605,0.31945035007721473,0.0030867606218270083
AHNAK,Q09666,Neuroblast differentiation-associated protein AHNAK,Phospho,A549,up,None,1 h,1,7.6243363903342605,1.7824935417897,0.947062040915045,7.6243363903342605,1.7824935417897,0.947062040915045,7.6243363903342605,1.7824935417897,0.947062040915045,7.6243363903342605,1.7824935417897,0.947062040915045,0,0,0
RALGAPA1,Q6GYQ0|Q6GYQ0-2|Q6GYQ0-3|Q6GYQ0-4|Q6GYQ0-5|Q6GYQ0-6,"Ral GTPase-activating protein subunit alpha-1, Isoform 2 of Ral GTPase-activating protein subunit alpha-1, Isoform 3 of Ral GTPase-activating protein subunit alpha-1, Isoform 4 of Ral GTPase-activating protein subunit alpha-1, Isoform 5 of Ral GTPase-activating protein subunit alpha-1, Isoform 6 of Ral GTPase-activating protein subunit alpha-1",Phospho,A549,down,None,1 h,1,7.646814553312182,0.501180312400291,0.94801746606845,7.646814553312182,0.501180312400291,0.94801746606845,7.646814553312182,0.501180312400291,0.94801746606845,7.646814553312182,0.501180312400291,0.94801746606845,0,0,0
UVRAG,Q9P2Y5,UV radiation resistance-associated gene protein,Phospho,A549,down,None,1 h,1,7.986030223825803,0.467832098521913,0.988828822601776,7.986030223825803,0.467832098521913,0.988828822601776,7.986030223825803,0.467832098521913,0.988828822601776,7.986030223825803,0.467832098521913,0.988828822601776,0,0,0
ZC3H4,Q9UPT8,Zinc finger CCCH domain-containing protein 4,Phospho,A549,down,None,1 h,1,8.493372862659442,0.575079418263142,0.984514298462488,8.493372862659442,0.575079418263142,0.984514298462488,8.493372862659442,0.575079418263142,0.984514298462488,8.493372862659442,0.575079418263142,0.984514298462488,0,0,0
PCBP1,Q15365,Poly(rC)-binding protein 1,Phospho,A549,down,None,1 h,2,8.88464607758847,0.390714347705786,0.986256240842211,8.636033868357284,0.298876629063605,0.955481154345414,8.760339972972877,0.34479548838469554,0.9708686975938126,8.760339972972877,0.34479548838469554,0.9708686975938126,0.17579537903314088,0.06493907362058837,0.02176127235348771
MAP4K4,O95819|O95819-2|O95819-3|O95819-4|O95819-5,"Mitogen-activated protein kinase kinase kinase kinase 4, Isoform 2 of Mitogen-activated protein kinase kinase kinase kinase 4, Isoform 3 of Mitogen-activated protein kinase kinase kinase kinase 4, Isoform 4 of Mitogen-activated protein kinase kinase kinase kinase 4, Isoform 5 of Mitogen-activated protein kinase kinase kinase kinase 4",Phospho,A549,down,None,1 h,1,5.792328052048213,0.26216955759944,0.850696714681495,5.792328052048213,0.26216955759944,0.850696714681495,5.792328052048213,0.26216955759944,0.850696714681495,5.792328052048213,0.26216955759944,0.850696714681495,0,0,0
MICALL1,Q8N3F8,MICAL-like protein 1,Phospho,A549,down,None,1 h,1,8.647998431698742,0.500245359672905,0.968501360833706,8.647998431698742,0.500245359672905,0.968501360833706,8.647998431698742,0.500245359672905,0.968501360833706,8.647998431698742,0.500245359672905,0.968501360833706,0,0,0
TBC1D4,O60343|O60343-2|O60343-3,"TBC1 domain family member 4, Isoform 2 of TBC1 domain family member 4, Isoform 3 of TBC1 domain family member 4",Phospho,A549,down,None,1 h,4,8.297748187369283,0.585638924565259,0.93241175293389,5.095385883135881,0.444083088953244,0.79915968681657,6.629448988674007,0.4904608040759005,0.8455233229131185,6.562330942095432,0.46606060139254946,0.825260925951007,1.6119241037877243,0.06432570118247709,0.060493801550249554
EIF4B,P23588,Eukaryotic translation initiation factor 4B,Phospho,A549,down,None,1 h,2,10.121342946531477,0.538989395223234,0.953088007277732,9.65887012198743,0.3660685604076,0.832641600003736,9.890106534259454,0.452528977815417,0.8928648036407341,9.890106534259454,0.452528977815417,0.8928648036407341,0.3270176703495922,0.12227349490657365,0.08516847135299933
BCL9L,Q86UU0|Q86UU0-2|Q86UU0-3|Q86UU0-4,"B-cell CLL/lymphoma 9-like protein, Isoform 2 of B-cell CLL/lymphoma 9-like protein, Isoform 3 of B-cell CLL/lymphoma 9-like protein, Isoform 4 of B-cell CLL/lymphoma 9-like protein",Phospho,A549,up,None,1 h,1,7.6398503797903,2.1128264077987,0.964347435713179,7.6398503797903,2.1128264077987,0.964347435713179,7.6398503797903,2.1128264077987,0.964347435713179,7.6398503797903,2.1128264077987,0.964347435713179,0,0,0
PCM1,Q15154|Q15154-2|Q15154-3,"Pericentriolar material 1 protein, Isoform 2 of Pericentriolar material 1 protein, Isoform 3 of Pericentriolar material 1 protein",Phospho,A549,up,None,1 h,1,7.908347458797741,1.76629410859424,0.921438834105126,7.908347458797741,1.76629410859424,0.921438834105126,7.908347458797741,1.76629410859424,0.921438834105126,7.908347458797741,1.76629410859424,0.921438834105126,0,0,0
SLC45A1,Q9Y2W3,Proton-associated sugar transporter A,Phospho,A549,down,None,1 h,1,7.832110578868269,0.338029531395519,0.884032057120052,7.832110578868269,0.338029531395519,0.884032057120052,7.832110578868269,0.338029531395519,0.884032057120052,7.832110578868269,0.338029531395519,0.884032057120052,0,0,0
ACLY,P53396|P53396-2,"ATP-citrate synthase, Isoform 2 of ATP-citrate synthase",Phospho,A549,down,None,1 h,2,8.414139147686008,0.568466058608178,0.980195278600492,8.077556315652824,0.407604697565086,0.88295657110054,8.245847731669416,0.488035378086632,0.931575924850516,8.245847731669416,0.488035378086632,0.931575924850516,0.23800000296163684,0.11374615922446789,0.0687581494670313
LYAR,Q9NX58,Cell growth-regulating nucleolar protein,Phospho,A549,down,None,1 h,3,8.646966706182859,0.598423826901356,0.978807351729695,8.507956783604254,0.365880598012831,0.926080030520927,8.58027261247515,0.46758672359273695,0.958450578745656,8.58589434763834,0.438455745864024,0.970464353986346,0.0696752651484817,0.11897709327029424,0.028342383405661406
TSC2,P49815|P49815-2|P49815-3|P49815-4|P49815-5|P49815-6,"Tuberin, Isoform 2 of Tuberin, Isoform 3 of Tuberin, Isoform 4 of Tuberin, Isoform 5 of Tuberin, Isoform 6 of Tuberin",Phospho,A549,up,None,1 h,1,2.000000000002878,1.73592234137543,0.921601429719313,2.000000000002878,1.73592234137543,0.921601429719313,2.000000000002878,1.73592234137543,0.921601429719313,2.000000000002878,1.73592234137543,0.921601429719313,0,0,0
BOD1L1,Q8NFC6,Biorientation of chromosomes in cell division protein 1-like 1,Phospho,A549,up,None,1 h,1,7.817377784708683,2.19072302619777,0.963320471252578,7.817377784708683,2.19072302619777,0.963320471252578,7.817377784708683,2.19072302619777,0.963320471252578,7.817377784708683,2.19072302619777,0.963320471252578,0,0,0
BCL7C,Q8WUZ0|Q8WUZ0-2,"B-cell CLL/lymphoma 7 protein family member C, Isoform 2 of B-cell CLL/lymphoma 7 protein family member C",Phospho,A549,down,None,1 h,1,8.547461260881267,0.328664267167073,0.902961899454287,8.547461260881267,0.328664267167073,0.902961899454287,8.547461260881267,0.328664267167073,0.902961899454287,8.547461260881267,0.328664267167073,0.902961899454287,0,0,0
USP24,Q9UPU5,Ubiquitin carboxyl-terminal hydrolase 24,Phospho,A549,down,None,1 h,1,8.476955358824386,0.499617079625673,0.831004553012484,8.476955358824386,0.499617079625673,0.831004553012484,8.476955358824386,0.499617079625673,0.831004553012484,8.476955358824386,0.499617079625673,0.831004553012484,0,0,0
AKT1S1,Q96B36|Q96B36-2,"Proline-rich AKT1 substrate 1, Isoform 2 of Proline-rich AKT1 substrate 1",Phospho,A549,down,None,1 h,2,7.812759402622101,0.217302090557822,0.996758649188095,7.7294544772746,0.110470406300009,0.982853356924137,7.77110693994835,0.1638862484289155,0.989806003056116,7.77110693994835,0.1638862484289155,0.989806003056116,0.0589054776194573,0.0755414083842797,0.009832526454225528
RPS6KB1,P23443|P23443-2,"Ribosomal protein S6 kinase beta-1, Isoform Alpha II of Ribosomal protein S6 kinase beta-1",Phospho,A549,down,None,1 h,1,8.252426332217336,0.0815768138096648,0.997576749332467,8.252426332217336,0.0815768138096648,0.997576749332467,8.252426332217336,0.0815768138096648,0.997576749332467,8.252426332217336,0.0815768138096648,0.997576749332467,0,0,0
ZNF507,Q8TCN5|Q8TCN5-2,"Zinc finger protein 507, Isoform 2 of Zinc finger protein 507",Phospho,A549,down,None,1 h,1,8.362991669875887,0.340625164212088,0.994713761786586,8.362991669875887,0.340625164212088,0.994713761786586,8.362991669875887,0.340625164212088,0.994713761786586,8.362991669875887,0.340625164212088,0.994713761786586,0,0,0
NDRG1,Q92597,Protein NDRG1,Phospho,A549,down,None,1 h,2,7.75207246121741,0.565626806574869,0.984411255355104,7.751991836885935,0.179196300762264,0.882529063298528,7.752032149051672,0.3724115536685665,0.933470159326816,7.752032149051672,0.3724115536685665,0.933470159326816,0.00005701001151494908,0.27324763111744055,0.0720415888853551
UCK2,Q9BZX2|Q9BZX2-2,"Uridine-cytidine kinase 2, Isoform 2 of Uridine-cytidine kinase 2",Phospho,A549,down,None,1 h,2,8.428935620959251,0.425277016705629,0.985546835222026,8.416990448093307,0.302559828052542,0.981971309258813,8.42296303452628,0.3639184223790855,0.9837590722404195,8.42296303452628,0.3639184223790855,0.9837590722404195,0.00844651273595556,0.08677415626474666,0.002528278654896498
FOXK2,Q01167|Q01167-2,"Forkhead box protein K2, Isoform 2 of Forkhead box protein K2",Phospho,A549,down,None,1 h,1,8.677097403597921,0.573865310295936,0.828646543254495,8.677097403597921,0.573865310295936,0.828646543254495,8.677097403597921,0.573865310295936,0.828646543254495,8.677097403597921,0.573865310295936,0.828646543254495,0,0,0
NEMF,O60524|O60524-2|O60524-3|O60524-4|O60524-5,"Nuclear export mediator factor NEMF, Isoform 2 of Nuclear export mediator factor NEMF, Isoform 3 of Nuclear export mediator factor NEMF, Isoform 4 of Nuclear export mediator factor NEMF, Isoform 5 of Nuclear export mediator factor NEMF",Phospho,A549,down,None,1 h,1,8.530437499313807,0.559948881429378,0.979124610963875,8.530437499313807,0.559948881429378,0.979124610963875,8.530437499313807,0.559948881429378,0.979124610963875,8.530437499313807,0.559948881429378,0.979124610963875,0,0,0
DTD1,Q8TEA8,D-tyrosyl-tRNA(Tyr) deacylase 1,Phospho,A549,down,None,1 h,1,8.4491753391681,0.184320581877042,0.991882970552545,8.4491753391681,0.184320581877042,0.991882970552545,8.4491753391681,0.184320581877042,0.991882970552545,8.4491753391681,0.184320581877042,0.991882970552545,0,0,0
PCBP2,Q15366|Q15366-2|Q15366-3|Q15366-4|Q15366-5,"Poly(rC)-binding protein 2, Isoform 2 of Poly(rC)-binding protein 2, Isoform 3 of Poly(rC)-binding protein 2, Isoform 4 of Poly(rC)-binding protein 2, Isoform 5 of Poly(rC)-binding protein 2",Phospho,A549,down,None,1 h,2,9.00161995355881,0.406745289403819,0.961484329018116,8.672005175210035,0.392332290257741,0.930708186341917,8.836812564384424,0.39953878983078,0.9460962576800165,8.836812564384424,0.39953878983078,0.9460962576800165,0.23307284494972028,0.010191529433427647,0.021762019185105008
ARHGEF12,Q9NZN5|Q9NZN5-2,"Rho guanine nucleotide exchange factor 12, Isoform 2 of Rho guanine nucleotide exchange factor 12",Phospho,A549,down,None,1 h,1,7.7928411297804905,0.418871909421348,0.847953697799122,7.7928411297804905,0.418871909421348,0.847953697799122,7.7928411297804905,0.418871909421348,0.847953697799122,7.7928411297804905,0.418871909421348,0.847953697799122,0,0,0
CHD3,Q12873|Q12873-2,"Chromodomain-helicase-DNA-binding protein 3, Isoform 2 of Chromodomain-helicase-DNA-binding protein 3",Phospho,A549,down,None,1 h,1,8.463395054596011,0.421370495752137,0.835674730312168,8.463395054596011,0.421370495752137,0.835674730312168,8.463395054596011,0.421370495752137,0.835674730312168,8.463395054596011,0.421370495752137,0.835674730312168,0,0,0
CCNL1,Q9UK58,Cyclin-L1,Phospho,A549,down,None,1 h,1,9.06752313836322,0.481270411580698,0.84846239867217,9.06752313836322,0.481270411580698,0.84846239867217,9.06752313836322,0.481270411580698,0.84846239867217,9.06752313836322,0.481270411580698,0.84846239867217,0,0,0
PATL1,Q86TB9|Q86TB9-2|Q86TB9-4,"Protein PAT1 homolog 1, Isoform 2 of Protein PAT1 homolog 1, Isoform 4 of Protein PAT1 homolog 1",Phospho,A549,down,None,1 h,2,8.321844973122928,0.474567507218909,0.988854495510497,8.0892726812108,0.468471754524576,0.919673669523135,8.205558827166865,0.47151963087174253,0.954264082516816,8.205558827166865,0.47151963087174253,0.954264082516816,0.16445344472716455,0.004310348066599005,0.04891823118375022
GTF2F1,P35269,General transcription factor IIF subunit 1,Phospho,A549,up,None,1 h,1,7.796454503764386,1.78057437381026,0.956752507336984,7.796454503764386,1.78057437381026,0.956752507336984,7.796454503764386,1.78057437381026,0.956752507336984,7.796454503764386,1.78057437381026,0.956752507336984,0,0,0
MTOR,P42345,Serine/threonine-protein kinase mTOR,Phospho,A549,down,None,1 h,1,7.131491857678607,0.491117711793121,0.839478660774255,7.131491857678607,0.491117711793121,0.839478660774255,7.131491857678607,0.491117711793121,0.839478660774255,7.131491857678607,0.491117711793121,0.839478660774255,0,0,0
PRELID2,Q8N945,PRELI domain-containing protein 2,Phospho,A549,down,None,1 h,1,7.704700910018565,0.418537303942671,0.932746316879624,7.704700910018565,0.418537303942671,0.932746316879624,7.704700910018565,0.418537303942671,0.932746316879624,7.704700910018565,0.418537303942671,0.932746316879624,0,0,0
KIF4A,O95239|O95239-2,"Chromosome-associated kinesin KIF4A, Isoform 2 of Chromosome-associated kinesin KIF4A",Phospho,A549,down,None,1 h,2,8.73873550889167,0.55867249979626,0.942234755503654,8.705293134519547,0.488390615096829,0.915317123333933,8.722014321705608,0.5235315574465444,0.9287759394187936,8.722014321705608,0.5235315574465444,0.9287759394187936,0.023647329697508362,0.04969679726553866,0.019033640240694906
PDS5B,Q9NTI5|Q9NTI5-2,"Sister chromatid cohesion protein PDS5 homolog B, Isoform 2 of Sister chromatid cohesion protein PDS5 homolog B",Phospho,A549,up,None,1 h,1,8.04292085113409,1.79793248879745,0.826512872122634,8.04292085113409,1.79793248879745,0.826512872122634,8.04292085113409,1.79793248879745,0.826512872122634,8.04292085113409,1.79793248879745,0.826512872122634,0,0,0
PNN,Q9H307|Q9H307-2,"Pinin, Isoform 2 of Pinin",Phospho,A549,up,None,1 h,1,7.848077169309812,1.84814595253981,0.898274555662351,7.848077169309812,1.84814595253981,0.898274555662351,7.848077169309812,1.84814595253981,0.898274555662351,7.848077169309812,1.84814595253981,0.898274555662351,0,0,0
SRSF11,Q05519|Q05519-2,"Serine/arginine-rich splicing factor 11, Isoform 2 of Serine/arginine-rich splicing factor 11",Phospho,A549,down,None,1 h,1,10.435723585447123,0.548817917747356,0.879497295252172,10.435723585447123,0.548817917747356,0.879497295252172,10.435723585447123,0.548817917747356,0.879497295252172,10.435723585447123,0.548817917747356,0.879497295252172,0,0,0
RPS6KA3,P51812,Ribosomal protein S6 kinase alpha-3,Phospho,A549,up,None,1 h,1,8.517505564971826,1.74137588342998,0.982723248741694,8.517505564971826,1.74137588342998,0.982723248741694,8.517505564971826,1.74137588342998,0.982723248741694,8.517505564971826,1.74137588342998,0.982723248741694,0,0,0
RPS6,P62753,40S ribosomal protein S6,Phospho,A549,up,None,1 h,1,7.956566489073475,2.48039020432936,0.973757879204511,7.956566489073475,2.48039020432936,0.973757879204511,7.956566489073475,2.48039020432936,0.973757879204511,7.956566489073475,2.48039020432936,0.973757879204511,0,0,0
HEATR3,Q7Z4Q2|Q7Z4Q2-2|Q7Z4Q2-3,"HEAT repeat-containing protein 3, Isoform 2 of HEAT repeat-containing protein 3, Isoform 3 of HEAT repeat-containing protein 3",Phospho,A549,down,None,1 h,1,8.520793000113631,0.526469210273585,0.974672323142869,8.520793000113631,0.526469210273585,0.974672323142869,8.520793000113631,0.526469210273585,0.974672323142869,8.520793000113631,0.526469210273585,0.974672323142869,0,0,0
OSBPL10,Q9BXB5|Q9BXB5-2,"Oxysterol-binding protein-related protein 10, Isoform 2 of Oxysterol-binding protein-related protein 10",Phospho,A549,up,None,1 h,1,6.146885488874393,1.75145184679335,0.831133747163122,6.146885488874393,1.75145184679335,0.831133747163122,6.146885488874393,1.75145184679335,0.831133747163122,6.146885488874393,1.75145184679335,0.831133747163122,0,0,0
KIAA0930,Q6ICG6|Q6ICG6-2|Q6ICG6-3,"Uncharacterized protein KIAA0930, Isoform 2 of Uncharacterized protein KIAA0930, Isoform 3 of Uncharacterized protein KIAA0930",Phospho,A549,down,None,1 h,1,6.84496278868762,0.577778024931961,0.916807494176162,6.84496278868762,0.577778024931961,0.916807494176162,6.84496278868762,0.577778024931961,0.916807494176162,6.84496278868762,0.577778024931961,0.916807494176162,0,0,0
RICTOR,Q6R327|Q6R327-3,"Rapamycin-insensitive companion of mTOR, Isoform 3 of Rapamycin-insensitive companion of mTOR",Phospho,A549,down,None,1 h,3,8.435619729649083,0.478776539185625,0.987203141919177,8.107561333708594,0.288690459189061,0.974583726178122,8.314358272844352,0.3558966054150643,0.9825529127756684,8.399893755175377,0.300222817870507,0.985871870229706,0.17998004567163206,0.1065732490674016,0.00693354327509973
ZNRF2,Q8NHG8,E3 ubiquitin-protein ligase ZNRF2,Phospho,A549,down,None,1 h,1,7.616539452676806,0.323627361481475,0.713230275452654,7.616539452676806,0.323627361481475,0.713230275452654,7.616539452676806,0.323627361481475,0.713230275452654,7.616539452676806,0.323627361481475,0.713230275452654,0,0,0
EIF5,P55010,Eukaryotic translation initiation factor 5,Phospho,A549,down,None,1 h,1,8.59488013595867,0.524774708787116,0.969851906259393,8.59488013595867,0.524774708787116,0.969851906259393,8.59488013595867,0.524774708787116,0.969851906259393,8.59488013595867,0.524774708787116,0.969851906259393,0,0,0
ATG2B,Q96BY7,Autophagy-related protein 2 homolog B,Phospho,A549,down,None,1 h,1,8.205785362210776,0.430740301728809,0.946309803520437,8.205785362210776,0.430740301728809,0.946309803520437,8.205785362210776,0.430740301728809,0.946309803520437,8.205785362210776,0.430740301728809,0.946309803520437,0,0,0
PANK2,Q9BZ23|Q9BZ23-3|Q9BZ23-4,"Pantothenate kinase 2, mitochondrial, Isoform 2 of Pantothenate kinase 2, mitochondrial, Isoform 4 of Pantothenate kinase 2, mitochondrial",Phospho,A549,down,None,1 h,1,8.436146896601274,0.372482142776727,0.971005410530659,8.436146896601274,0.372482142776727,0.971005410530659,8.436146896601274,0.372482142776727,0.971005410530659,8.436146896601274,0.372482142776727,0.971005410530659,0,0,0
TRIM24,O15164|O15164-2,"Transcription intermediary factor 1-alpha, Isoform Short of Transcription intermediary factor 1-alpha",Phospho,A549,up,None,1 h,1,7.762230377075522,1.93176830911329,0.961829194835841,7.762230377075522,1.93176830911329,0.961829194835841,7.762230377075522,1.93176830911329,0.961829194835841,7.762230377075522,1.93176830911329,0.961829194835841,0,0,0
SP100,P23497|P23497-2|P23497-3|P23497-4|P23497-5,"Nuclear autoantigen Sp-100, Isoform Sp100-A of Nuclear autoantigen Sp-100, Isoform Sp100-B of Nuclear autoantigen Sp-100, Isoform Sp100-C of Nuclear autoantigen Sp-100, Isoform SpAlt-C of Nuclear autoantigen Sp-100",Phospho,A549,down,None,1 h,1,9.282282022661732,0.407404652903043,0.958062464334793,9.282282022661732,0.407404652903043,0.958062464334793,9.282282022661732,0.407404652903043,0.958062464334793,9.282282022661732,0.407404652903043,0.958062464334793,0,0,0
CHD1,O14646|O14646-2,"Chromodomain-helicase-DNA-binding protein 1, Isoform 2 of Chromodomain-helicase-DNA-binding protein 1",Phospho,A549,up,None,1 h,1,2.0000000000011737,1.73442347305791,0.924940926241975,2.0000000000011737,1.73442347305791,0.924940926241975,2.0000000000011737,1.73442347305791,0.924940926241975,2.0000000000011737,1.73442347305791,0.924940926241975,0,0,0
PATL1,Q86TB9|Q86TB9-2|Q86TB9-4,"Protein PAT1 homolog 1, Isoform 2 of Protein PAT1 homolog 1, Isoform 4 of Protein PAT1 homolog 1",Phospho,A549,up,None,1 h,1,8.00543253712736,1.77734803669812,0.970067745674421,8.00543253712736,1.77734803669812,0.970067745674421,8.00543253712736,1.77734803669812,0.970067745674421,8.00543253712736,1.77734803669812,0.970067745674421,0,0,0
TJAP1,Q5JTD0|Q5JTD0-2|Q5JTD0-4,"Tight junction-associated protein 1, Isoform 2 of Tight junction-associated protein 1, Isoform 4 of Tight junction-associated protein 1",Phospho,A549,down,None,1 h,1,8.604940674230809,0.561512458058213,0.972508017024824,8.604940674230809,0.561512458058213,0.972508017024824,8.604940674230809,0.561512458058213,0.972508017024824,8.604940674230809,0.561512458058213,0.972508017024824,0,0,0
MAF1,Q9H063,Repressor of RNA polymerase III transcription MAF1 homolog,Phospho,A549,down,None,1 h,2,8.3399451626597,0.401225792415752,0.994588405057909,8.204845776099527,0.161205740538862,0.980010164690673,8.272395469379614,0.281215766477307,0.987299284874291,8.272395469379614,0.281215766477307,0.987299284874291,0.09552969237084015,0.16971980630289585,0.01030837262143999
CDKL5,O76039,Cyclin-dependent kinase-like 5,Phospho,A549,up,None,1 h,1,5.347547896515846,2.62563076309922,0.885793437713988,5.347547896515846,2.62563076309922,0.885793437713988,5.347547896515846,2.62563076309922,0.885793437713988,5.347547896515846,2.62563076309922,0.885793437713988,0,0,0
KDM2B,Q8NHM5|Q8NHM5-2|Q8NHM5-3|Q8NHM5-4,"Lysine-specific demethylase 2B, Isoform 2 of Lysine-specific demethylase 2B, Isoform 3 of Lysine-specific demethylase 2B, Isoform 4 of Lysine-specific demethylase 2B",Phospho,A549,down,None,1 h,1,8.812504073602529,0.437690433505971,0.92814934865187,8.812504073602529,0.437690433505971,0.92814934865187,8.812504073602529,0.437690433505971,0.92814934865187,8.812504073602529,0.437690433505971,0.92814934865187,0,0,0
MTFR1,Q15390,Mitochondrial fission regulator 1,Phospho,A549,down,None,1 h,1,9.259765306170276,0.542159708047455,0.783530497503098,9.259765306170276,0.542159708047455,0.783530497503098,9.259765306170276,0.542159708047455,0.783530497503098,9.259765306170276,0.542159708047455,0.783530497503098,0,0,0
SLC19A1,P41440|P41440-2,"Folate transporter 1, Isoform 2 of Folate transporter 1",Phospho,A549,down,None,1 h,1,8.238321815818388,0.591861611075455,0.713992379053059,8.238321815818388,0.591861611075455,0.713992379053059,8.238321815818388,0.591861611075455,0.713992379053059,8.238321815818388,0.591861611075455,0.713992379053059,0,0,0
CHD4,Q14839|Q14839-2,"Chromodomain-helicase-DNA-binding protein 4, Isoform 2 of Chromodomain-helicase-DNA-binding protein 4",Phospho,A549,up,None,1 h,1,8.111115260660288,1.75484914519681,0.962229090164964,8.111115260660288,1.75484914519681,0.962229090164964,8.111115260660288,1.75484914519681,0.962229090164964,8.111115260660288,1.75484914519681,0.962229090164964,0,0,0
PNISR,Q8TF01|Q8TF01-2,"Arginine/serine-rich protein PNISR, Isoform 2 of Arginine/serine-rich protein PNISR",Phospho,A549,down,None,1 h,1,8.70219517148928,0.402809784446405,0.979472440876027,8.70219517148928,0.402809784446405,0.979472440876027,8.70219517148928,0.402809784446405,0.979472440876027,8.70219517148928,0.402809784446405,0.979472440876027,0,0,0
SYNRG,Q9UMZ2|Q9UMZ2-3|Q9UMZ2-4|Q9UMZ2-5|Q9UMZ2-6,"Synergin gamma, Isoform 2 of Synergin gamma, Isoform 3 of Synergin gamma, Isoform 4 of Synergin gamma, Isoform 5 of Synergin gamma",Phospho,A549,down,None,1 h,1,7.691742837029221,0.153251531920749,0.990614311614452,7.691742837029221,0.153251531920749,0.990614311614452,7.691742837029221,0.153251531920749,0.990614311614452,7.691742837029221,0.153251531920749,0.990614311614452,0,0,0
CD2AP,Q9Y5K6,CD2-associated protein,Phospho,A549,up,None,1 h,1,8.03711973948087,1.97060921244414,0.889395450489186,8.03711973948087,1.97060921244414,0.889395450489186,8.03711973948087,1.97060921244414,0.889395450489186,8.03711973948087,1.97060921244414,0.889395450489186,0,0,0
SRRM2,Q9UQ35|Q9UQ35-2,"Serine/arginine repetitive matrix protein 2, Isoform 2 of Serine/arginine repetitive matrix protein 2",Phospho,A549,down,None,1 h,2,8.825380615765997,0.570540128365945,0.948091869182171,8.803164809333317,0.430299871911868,0.833577382119026,8.814272712549657,0.5004200001389065,0.8908346256505986,8.814272712549657,0.5004200001389065,0.8908346256505986,0.01570894737807564,0.09916483633401833,0.08097397034644899
CMTM4,Q8IZR5|Q8IZR5-2|Q8IZR5-3,"CKLF-like MARVEL transmembrane domain-containing protein 4, Isoform 2 of CKLF-like MARVEL transmembrane domain-containing protein 4, Isoform 3 of CKLF-like MARVEL transmembrane domain-containing protein 4",Phospho,A549,down,None,1 h,1,7.925617880009617,0.352065018834319,0.98616882682178,7.925617880009617,0.352065018834319,0.98616882682178,7.925617880009617,0.352065018834319,0.98616882682178,7.925617880009617,0.352065018834319,0.98616882682178,0,0,0
FOXK1,P85037|P85037-2,"Forkhead box protein K1, Isoform 2 of Forkhead box protein K1",Phospho,A549,down,None,1 h,2,8.727709730709156,0.522706942277607,0.966186992401475,8.615658060045595,0.422393171931362,0.888620732362076,8.671683895377376,0.4725500571044845,0.9274038623817755,8.671683895377376,0.4725500571044845,0.9274038623817755,0.0792324961694859,0.07093254725821982,0.05484762846513822
OSBPL8,Q9BZF1|Q9BZF1-2,"Oxysterol-binding protein-related protein 8, Isoform 2 of Oxysterol-binding protein-related protein 8",Phospho,A549,up,None,1 h,1,2.645378668331598,1.77779260651737,0.802933725091763,2.645378668331598,1.77779260651737,0.802933725091763,2.645378668331598,1.77779260651737,0.802933725091763,2.645378668331598,1.77779260651737,0.802933725091763,0,0,0
KANSL3,Q9P2N6|Q9P2N6-2|Q9P2N6-3|Q9P2N6-4|Q9P2N6-5|Q9P2N6-6|Q9P2N6-8,"KAT8 regulatory NSL complex subunit 3, Isoform 2 of KAT8 regulatory NSL complex subunit 3, Isoform 3 of KAT8 regulatory NSL complex subunit 3, Isoform 4 of KAT8 regulatory NSL complex subunit 3, Isoform 5 of KAT8 regulatory NSL complex subunit 3, Isoform 6 of KAT8 regulatory NSL complex subunit 3, Isoform 8 of KAT8 regulatory NSL complex subunit 3",Phospho,A549,up,None,1 h,1,7.9754168625195945,2.00089177944549,0.914051079901539,7.9754168625195945,2.00089177944549,0.914051079901539,7.9754168625195945,2.00089177944549,0.914051079901539,7.9754168625195945,2.00089177944549,0.914051079901539,0,0,0
MLLT4,P55196|P55196-3|P55196-5,"Afadin, Isoform 3 of Afadin, Isoform 5 of Afadin",Phospho,A549,down,None,1 h,1,6.145686928243533,0.579555017820817,0.946276469425438,6.145686928243533,0.579555017820817,0.946276469425438,6.145686928243533,0.579555017820817,0.946276469425438,6.145686928243533,0.579555017820817,0.946276469425438,0,0,0
SMCR8,Q8TEV9|Q8TEV9-2,"Smith-Magenis syndrome chromosomal region candidate gene 8 protein, Isoform 2 of Smith-Magenis syndrome chromosomal region candidate gene 8 protein",Phospho,A549,down,None,1 h,1,7.760039632871214,0.321811789467139,0.984663545434362,7.760039632871214,0.321811789467139,0.984663545434362,7.760039632871214,0.321811789467139,0.984663545434362,7.760039632871214,0.321811789467139,0.984663545434362,0,0,0
ULK1,O75385,Serine/threonine-protein kinase ULK1,Phospho,A549,down,None,1 h,1,8.590761423502553,0.574301262340988,0.768876911808342,8.590761423502553,0.574301262340988,0.768876911808342,8.590761423502553,0.574301262340988,0.768876911808342,8.590761423502553,0.574301262340988,0.768876911808342,0,0,0
ZCCHC6,Q5VYS8|Q5VYS8-2|Q5VYS8-3|Q5VYS8-4|Q5VYS8-5|Q5VYS8-6,"Terminal uridylyltransferase 7, Isoform 2 of Terminal uridylyltransferase 7, Isoform 3 of Terminal uridylyltransferase 7, Isoform 4 of Terminal uridylyltransferase 7, Isoform 5 of Terminal uridylyltransferase 7, Isoform 6 of Terminal uridylyltransferase 7",Phospho,A549,down,None,1 h,1,8.460080314562706,0.499963898734103,0.983035516040431,8.460080314562706,0.499963898734103,0.983035516040431,8.460080314562706,0.499963898734103,0.983035516040431,8.460080314562706,0.499963898734103,0.983035516040431,0,0,0
KIAA1462,Q9P266,Junctional protein associated with coronary artery disease,Phospho,A549,up,None,1 h,1,2.0000000000016365,1.94263444616034,0.754598586008724,2.0000000000016365,1.94263444616034,0.754598586008724,2.0000000000016365,1.94263444616034,0.754598586008724,2.0000000000016365,1.94263444616034,0.754598586008724,0,0,0
OSBPL3,Q9H4L5|Q9H4L5-3|Q9H4L5-5|Q9H4L5-7,"Oxysterol-binding protein-related protein 3, Isoform 1c of Oxysterol-binding protein-related protein 3, Isoform 2a of Oxysterol-binding protein-related protein 3, Isoform 2c of Oxysterol-binding protein-related protein 3",Phospho,A549,up,None,1 h,1,5.965667112180339,1.790605131775,0.963855100420681,5.965667112180339,1.790605131775,0.963855100420681,5.965667112180339,1.790605131775,0.963855100420681,5.965667112180339,1.790605131775,0.963855100420681,0,0,0
SSH1,Q8WYL5|Q8WYL5-2|Q8WYL5-4|Q8WYL5-5,"Protein phosphatase Slingshot homolog 1, Isoform 2 of Protein phosphatase Slingshot homolog 1, Isoform 4 of Protein phosphatase Slingshot homolog 1, Isoform 5 of Protein phosphatase Slingshot homolog 1",Phospho,A549,down,None,1 h,1,8.91207649597424,0.475056521798585,0.954051788557278,8.91207649597424,0.475056521798585,0.954051788557278,8.91207649597424,0.475056521798585,0.954051788557278,8.91207649597424,0.475056521798585,0.954051788557278,0,0,0
UBAP2L,Q14157|Q14157-1|Q14157-3|Q14157-4|Q14157-5,"Ubiquitin-associated protein 2-like, Isoform 2 of Ubiquitin-associated protein 2-like, Isoform 3 of Ubiquitin-associated protein 2-like, Isoform 4 of Ubiquitin-associated protein 2-like, Isoform 5 of Ubiquitin-associated protein 2-like",Phospho,A549,up,None,1 h,1,8.648249582266194,1.86898212583209,0.874230497441076,8.648249582266194,1.86898212583209,0.874230497441076,8.648249582266194,1.86898212583209,0.874230497441076,8.648249582266194,1.86898212583209,0.874230497441076,0,0,0
APTX,Q7Z2E3|Q7Z2E3-10|Q7Z2E3-11|Q7Z2E3-4|Q7Z2E3-5|Q7Z2E3-7|Q7Z2E3-8|Q7Z2E3-9,"Aprataxin, Isoform 10 of Aprataxin, Isoform 11 of Aprataxin, Isoform 4 of Aprataxin, Isoform 5 of Aprataxin, Isoform 7 of Aprataxin, Isoform 8 of Aprataxin, Isoform 9 of Aprataxin",Phospho,A549,down,None,1 h,1,8.792912856309544,0.47371484988747,0.966395903800994,8.792912856309544,0.47371484988747,0.966395903800994,8.792912856309544,0.47371484988747,0.966395903800994,8.792912856309544,0.47371484988747,0.966395903800994,0,0,0
CDK13,Q14004|Q14004-2,"Cyclin-dependent kinase 13, Isoform 2 of Cyclin-dependent kinase 13",Phospho,A549,down,None,1 h,2,8.880792338947254,0.585271842759392,0.971294644696193,8.438647363539841,0.572503171152394,0.724840563517995,8.659719851243548,0.578887506955893,0.848067604107094,8.659719851243548,0.578887506955893,0.848067604107094,0.31264371037814065,0.009028814280052389,0.17426935205220362
NMD3,Q96D46,60S ribosomal export protein NMD3,Phospho,A549,up,None,1 h,1,2.00000000000089,1.71124203957181,0.83879093729707,2.00000000000089,1.71124203957181,0.83879093729707,2.00000000000089,1.71124203957181,0.83879093729707,2.00000000000089,1.71124203957181,0.83879093729707,0,0,0
ZNF185,O15231|O15231-3|O15231-4,"Zinc finger protein 185, Isoform 3 of Zinc finger protein 185, Isoform 4 of Zinc finger protein 185",Phospho,A549,down,None,1 h,1,8.076067345150665,0.507471999067258,0.965840221852806,8.076067345150665,0.507471999067258,0.965840221852806,8.076067345150665,0.507471999067258,0.965840221852806,8.076067345150665,0.507471999067258,0.965840221852806,0,0,0
DNAJC2,Q99543|Q99543-2,"DnaJ homolog subfamily C member 2, Isoform 2 of DnaJ homolog subfamily C member 2",Phospho,A549,up,None,1 h,1,8.027345183300584,2.39027844950895,0.931733856258134,8.027345183300584,2.39027844950895,0.931733856258134,8.027345183300584,2.39027844950895,0.931733856258134,8.027345183300584,2.39027844950895,0.931733856258134,0,0,0
OSBPL3,Q9H4L5|Q9H4L5-2|Q9H4L5-3|Q9H4L5-4|Q9H4L5-5|Q9H4L5-6|Q9H4L5-7|Q9H4L5-8,"Oxysterol-binding protein-related protein 3, Isoform 1b of Oxysterol-binding protein-related protein 3, Isoform 1c of Oxysterol-binding protein-related protein 3, Isoform 1d of Oxysterol-binding protein-related protein 3, Isoform 2a of Oxysterol-binding protein-related protein 3, Isoform 2b of Oxysterol-binding protein-related protein 3, Isoform 2c of Oxysterol-binding protein-related protein 3, Isoform 2d of Oxysterol-binding protein-related protein 3",Phospho,A549,down,None,1 h,1,5.925611938879568,0.492819814024592,0.928416113322251,5.925611938879568,0.492819814024592,0.928416113322251,5.925611938879568,0.492819814024592,0.928416113322251,5.925611938879568,0.492819814024592,0.928416113322251,0,0,0
MFF,Q9GZY8|Q9GZY8-2|Q9GZY8-3|Q9GZY8-4|Q9GZY8-5,"Mitochondrial fission factor, Isoform 2 of Mitochondrial fission factor, Isoform 3 of Mitochondrial fission factor, Isoform 4 of Mitochondrial fission factor, Isoform 5 of Mitochondrial fission factor",Phospho,A549,up,None,1 h,1,8.470005141857545,1.7859587379935,0.895208375346801,8.470005141857545,1.7859587379935,0.895208375346801,8.470005141857545,1.7859587379935,0.895208375346801,8.470005141857545,1.7859587379935,0.895208375346801,0,0,0
PDCD4,Q53EL6,Programmed cell death protein 4,Phospho,A549,down,None,1 h,1,8.792080297509695,0.495560039805078,0.962780224791703,8.792080297509695,0.495560039805078,0.962780224791703,8.792080297509695,0.495560039805078,0.962780224791703,8.792080297509695,0.495560039805078,0.962780224791703,0,0,0
AFF4,Q9UHB7|Q9UHB7-2,"AF4/FMR2 family member 4, Isoform 2 of AF4/FMR2 family member 4",Phospho,A549,down,None,1 h,1,8.367276997770418,0.386324822929479,0.985862068916702,8.367276997770418,0.386324822929479,0.985862068916702,8.367276997770418,0.386324822929479,0.985862068916702,8.367276997770418,0.386324822929479,0.985862068916702,0,0,0
C10orf54,Q9H7M9,Platelet receptor Gi24,Phospho,A549,up,None,1 h,1,7.807795596854714,2.07677253715604,0.920795391151628,7.807795596854714,2.07677253715604,0.920795391151628,7.807795596854714,2.07677253715604,0.920795391151628,7.807795596854714,2.07677253715604,0.920795391151628,0,0,0
FLNC,Q14315|Q14315-2,"Filamin-C, Isoform 2 of Filamin-C",Phospho,A549,down,None,1 h,1,7.750719342247166,0.508130836511185,0.957072332692828,7.750719342247166,0.508130836511185,0.957072332692828,7.750719342247166,0.508130836511185,0.957072332692828,7.750719342247166,0.508130836511185,0.957072332692828,0,0,0
KLHL36,Q8N4N3|Q8N4N3-2,"Kelch-like protein 36, Isoform 2 of Kelch-like protein 36",Phospho,A549,down,None,1 h,1,8.474014745116818,0.387914633794093,0.962884138152167,8.474014745116818,0.387914633794093,0.962884138152167,8.474014745116818,0.387914633794093,0.962884138152167,8.474014745116818,0.387914633794093,0.962884138152167,0,0,0
PDS5A,Q29RF7,Sister chromatid cohesion protein PDS5 homolog A,Phospho,A549,down,None,1 h,1,8.908085640279904,0.455182643523977,0.964285369648227,8.908085640279904,0.455182643523977,0.964285369648227,8.908085640279904,0.455182643523977,0.964285369648227,8.908085640279904,0.455182643523977,0.964285369648227,0,0,0
", RRN3",A6NIE6|Q9NYV6,"RRN3-like protein 1, RNA polymerase I-specific transcription initiation factor RRN3",Phospho,A549,down,None,1 h,1,8.159445869673947,0.314882110535885,0.99561895878171,8.159445869673947,0.314882110535885,0.99561895878171,8.159445869673947,0.314882110535885,0.99561895878171,8.159445869673947,0.314882110535885,0.99561895878171,0,0,0
"MYC, MYCN",P01106|P01106-2|P04198,"Myc proto-oncogene protein, Isoform 2 of Myc proto-oncogene protein, N-myc proto-oncogene protein",Phospho,A549,down,None,1 h,1,8.244289186178376,0.4944763961777,0.9209003186956,8.244289186178376,0.4944763961777,0.9209003186956,8.244289186178376,0.4944763961777,0.9209003186956,8.244289186178376,0.4944763961777,0.9209003186956,0,0,0
ZNF609,O15014,Zinc finger protein 609,Phospho,A549,down,None,1 h,1,8.591566606678152,0.463392365895203,0.984692632466503,8.591566606678152,0.463392365895203,0.984692632466503,8.591566606678152,0.463392365895203,0.984692632466503,8.591566606678152,0.463392365895203,0.984692632466503,0,0,0
RRAGC,Q9HB90,Ras-related GTP-binding protein C,Phospho,A549,down,None,1 h,1,8.286895640508483,0.338438258047555,0.98607667698521,8.286895640508483,0.338438258047555,0.98607667698521,8.286895640508483,0.338438258047555,0.98607667698521,8.286895640508483,0.338438258047555,0.98607667698521,0,0,0
PRRC2C,Q9Y520|Q9Y520-2|Q9Y520-3|Q9Y520-4|Q9Y520-5|Q9Y520-6|Q9Y520-7,"Protein PRRC2C, Isoform 2 of Protein PRRC2C, Isoform 3 of Protein PRRC2C, Isoform 4 of Protein PRRC2C, Isoform 5 of Protein PRRC2C, Isoform 6 of Protein PRRC2C, Isoform 7 of Protein PRRC2C",Phospho,A549,up,None,1 h,1,10.959564734133105,1.76604927181716,0.835102551987771,10.959564734133105,1.76604927181716,0.835102551987771,10.959564734133105,1.76604927181716,0.835102551987771,10.959564734133105,1.76604927181716,0.835102551987771,0,0,0
SPATS2L,Q9NUQ6|Q9NUQ6-2,"SPATS2-like protein, Isoform 2 of SPATS2-like protein",Phospho,A549,down,None,1 h,1,8.467894521540524,0.395239697965607,0.970315447360826,8.467894521540524,0.395239697965607,0.970315447360826,8.467894521540524,0.395239697965607,0.970315447360826,8.467894521540524,0.395239697965607,0.970315447360826,0,0,0
MAP4K4,O95819|O95819-2|O95819-3|O95819-4|O95819-5,"Mitogen-activated protein kinase kinase kinase kinase 4, Isoform 2 of Mitogen-activated protein kinase kinase kinase kinase 4, Isoform 3 of Mitogen-activated protein kinase kinase kinase kinase 4, Isoform 4 of Mitogen-activated protein kinase kinase kinase kinase 4, Isoform 5 of Mitogen-activated protein kinase kinase kinase kinase 4",Phospho,A549,up,None,1 h,1,4.08580108701339,2.06438025366029,0.91081690516327,4.08580108701339,2.06438025366029,0.91081690516327,4.08580108701339,2.06438025366029,0.91081690516327,4.08580108701339,2.06438025366029,0.91081690516327,0,0,0
PDS5B,Q9NTI5|Q9NTI5-2,"Sister chromatid cohesion protein PDS5 homolog B, Isoform 2 of Sister chromatid cohesion protein PDS5 homolog B",Phospho,A549,down,None,1 h,1,9.339274309214389,0.44617052241992,0.888802814492718,9.339274309214389,0.44617052241992,0.888802814492718,9.339274309214389,0.44617052241992,0.888802814492718,9.339274309214389,0.44617052241992,0.888802814492718,0,0,0
TSC2,P49815|P49815-2|P49815-3|P49815-4|P49815-5|P49815-6,"Tuberin, Isoform 2 of Tuberin, Isoform 3 of Tuberin, Isoform 4 of Tuberin, Isoform 5 of Tuberin, Isoform 6 of Tuberin",Phospho,A549,down,None,1 h,1,5.734796421414704,0.369133139157734,0.93950708775664,5.734796421414704,0.369133139157734,0.93950708775664,5.734796421414704,0.369133139157734,0.93950708775664,5.734796421414704,0.369133139157734,0.93950708775664,0,0,0
GTF2F1,P35269,General transcription factor IIF subunit 1,Phospho,A549,down,None,1 h,1,9.148896907662676,0.260950120671843,0.951157992200527,9.148896907662676,0.260950120671843,0.951157992200527,9.148896907662676,0.260950120671843,0.951157992200527,9.148896907662676,0.260950120671843,0.951157992200527,0,0,0
DDX3X,O00571|O00571-2,"ATP-dependent RNA helicase DDX3X, Isoform 2 of ATP-dependent RNA helicase DDX3X",Phospho,A549,down,None,1 h,1,8.619304380298937,0.50611754166851,0.965216829779067,8.619304380298937,0.50611754166851,0.965216829779067,8.619304380298937,0.50611754166851,0.965216829779067,8.619304380298937,0.50611754166851,0.965216829779067,0,0,0
SOS1,Q07889,Son of sevenless homolog 1,Phospho,A549,up,None,1 h,1,7.988734236472853,1.89969849894801,0.971174918527222,7.988734236472853,1.89969849894801,0.971174918527222,7.988734236472853,1.89969849894801,0.971174918527222,7.988734236472853,1.89969849894801,0.971174918527222,0,0,0